==============================
Backup started: Wed Jul 22 15:49:34 IST 2026
Changes found. Creating commit...
[main b85b9295] Backup 2026-07-22 15:49
 4 files changed, 42 insertions(+), 1 deletion(-)
 create mode 100644 backup_git.log
 rename ideal_db_backups/{idealgro_web_2026-07-22_15-48-02.sql.gz => idealgro_web_2026-07-22_15-49-01.sql.gz} (99%)
Pushing to GitHub...
To https://github.com/rittz-in/ideal_groups_online.git
   a5eb4896..b85b9295  main -> main
Backup completed: Wed Jul 22 15:49:40 IST 2026
==============================
==============================
Backup started: Wed Jul 22 15:50:02 IST 2026
warning: You ran 'git add' with neither '-A (--all)' or '--ignore-removal',
whose behaviour will change in Git 2.0 with respect to paths you removed.
Paths like 'ideal_db_backups/idealgro_web_2026-07-22_15-49-01.sql.gz' that are
removed from your working tree are ignored with this version of Git.

* 'git add --ignore-removal <pathspec>', which is the current default,
  ignores paths you removed from your working tree.

* 'git add --all <pathspec>' will let you also record the removals.

Run 'git status' to check the paths you removed from your working tree.

Changes found. Creating commit...
[main b22cbd3] Backup 2026-07-22 15:50
 4 files changed, 514 insertions(+)
 create mode 100644 .cpanel/datastore/_Cpanel::Quota.pm__idealgro
 create mode 100644 ideal_db_backups/idealgro_web_2026-07-22_15-50-02.sql
Pushing to GitHub...
remote: To https://github.com/rittz-in/ideal_groups_online.git
   b85b929..b22cbd3  main -> main
Backup completed: Wed Jul 22 15:50:08 IST 2026
==============================
==============================
Backup started: Wed Jul 22 15:51:14 IST 2026
Changes found. Creating commit...
[main 611808e8] Backup 2026-07-22 15:51
 8 files changed, 67 insertions(+), 493 deletions(-)
 delete mode 100644 .cpanel/datastore/_Cpanel::Quota.pm__idealgro
 delete mode 100644 "db_backup.log\r"
 delete mode 100644 "db_backup.log\r\r"
 delete mode 100644 ideal_db_backups/idealgro_web_2026-07-22_15-50-02.sql
 rename ideal_db_backups/{idealgro_web_2026-07-22_15-49-01.sql.gz => idealgro_web_2026-07-22_15-51-01.sql.gz} (99%)
Pushing to GitHub...
To https://github.com/rittz-in/ideal_groups_online.git
   b22cbd36..611808e8  main -> main
Backup completed: Wed Jul 22 15:51:23 IST 2026
==============================
==============================
Backup started: Wed Jul 22 15:52:01 IST 2026
warning: You ran 'git add' with neither '-A (--all)' or '--ignore-removal',
whose behaviour will change in Git 2.0 with respect to paths you removed.
Paths like 'ideal_db_backups/idealgro_web_2026-07-22_15-51-01.sql.gz' that are
removed from your working tree are ignored with this version of Git.

* 'git add --ignore-removal <pathspec>', which is the current default,
  ignores paths you removed from your working tree.

* 'git add --all <pathspec>' will let you also record the removals.

Run 'git status' to check the paths you removed from your working tree.

Changes found. Creating commit...
[main 79fd679] Backup 2026-07-22 15:52
 2 files changed, 26 insertions(+)
Pushing to GitHub...
remote: To https://github.com/rittz-in/ideal_groups_online.git
   611808e..79fd679  main -> main
Backup completed: Wed Jul 22 15:52:05 IST 2026
==============================
==============================
Backup started: Thu Jul 23 02:00:04 IST 2026
warning: You ran 'git add' with neither '-A (--all)' or '--ignore-removal',
whose behaviour will change in Git 2.0 with respect to paths you removed.
Paths like 'ideal_db_backups/idealgro_web_2026-07-22_15-51-01.sql.gz' that are
removed from your working tree are ignored with this version of Git.

* 'git add --ignore-removal <pathspec>', which is the current default,
  ignores paths you removed from your working tree.

* 'git add --all <pathspec>' will let you also record the removals.

Run 'git status' to check the paths you removed from your working tree.

Changes found. Creating commit...
[main 3b6ecb1] Backup 2026-07-23 02:00
 226 files changed, 20018 insertions(+), 16573 deletions(-)
 create mode 100644 .cpanel/datastore/_Cpanel::Quota.pm__idealgro
 rewrite .cpanel/email_accounts.json (100%)
 create mode 100644 ideal_db_backups/idealgro_web_2026-07-23_01-45-01.sql.gz
 create mode 100644 public_html/digicard/.htaccess
 create mode 100644 public_html/web/writable/session/ci_session0baecd2730d043b6393698df1159911f723bc5d5
 create mode 100644 public_html/web/writable/session/ci_session0d005bccdaa69224799eb62bafdd448d17ae9184
 create mode 100644 public_html/web/writable/session/ci_session0f63365d28f9b2eb552e31ef8b75a160bc5ebb0e
 create mode 100644 public_html/web/writable/session/ci_session110feb8f397ce63b4a3f2c5a87ddb7f189b0814d
 create mode 100644 public_html/web/writable/session/ci_session140657aebf0844695a4f266e0c8f5c0529669841
 create mode 100644 public_html/web/writable/session/ci_session182195e4d5ee1e964e434b32e008dc8ac5d960a3
 create mode 100644 public_html/web/writable/session/ci_session23c00364014a4c6bedae3fa5ba1cbca78b152640
 create mode 100644 public_html/web/writable/session/ci_session23e7df64b52dda524ae704085c8795c447461aa7
 create mode 100644 public_html/web/writable/session/ci_session2467ed28c923ee30fc3d7c70d71fb5d2d40cb57a
 create mode 100644 public_html/web/writable/session/ci_session2f88425823357df606876e6f2a688d02165ad10d
 create mode 100644 public_html/web/writable/session/ci_session3114275096a388290bd7a5f0838d6cdb5fda560e
 create mode 100644 public_html/web/writable/session/ci_session32653cc82338a1463bc2eed1538d4ff24d0978c6
 create mode 100644 public_html/web/writable/session/ci_session345b414086b5232c330ee3e026f05d194d567af4
 create mode 100644 public_html/web/writable/session/ci_session3497745c3197965010c1e68af02442a134b864fb
 create mode 100644 public_html/web/writable/session/ci_session3d08ee547db162dd792e274b82037908b3e1d4e7
 create mode 100644 public_html/web/writable/session/ci_session3ddebab699476ec7a2ab80bbd8e61602088746e1
 create mode 100644 public_html/web/writable/session/ci_session43a6f17ddaff8f7615207446300fcde89819bb73
 create mode 100644 public_html/web/writable/session/ci_session4460c6b4988591df6baf7f7dbf8cde45822ff35d
 create mode 100644 public_html/web/writable/session/ci_session44b21e782ca667b01283a0e1a7b0122b79d10383
 create mode 100644 public_html/web/writable/session/ci_session47308dcafdd2dafd931b181cbdec4440f07a4b97
 create mode 100644 public_html/web/writable/session/ci_session4add37a9947ac04aab4a8b1e48e7b9f6b09d2a39
 create mode 100644 public_html/web/writable/session/ci_session4ba518c9562ae11f85b1a8cfbc4bc778d4c299ed
 create mode 100644 public_html/web/writable/session/ci_session4ee220f8003c993c60fa9cebe0b7757ec589805c
 create mode 100644 public_html/web/writable/session/ci_session564a0d8f7ee70c292cb20aa99c940f763bb00cee
 create mode 100644 public_html/web/writable/session/ci_session5703a73c668b2b0e9abc66a5f807dfc492717e14
 create mode 100644 public_html/web/writable/session/ci_session571e5e4e3bc1e25414875248598701e7f8205024
 create mode 100644 public_html/web/writable/session/ci_session583aa16ae2a8176f42574aef1404b07ebe0c3522
 create mode 100644 public_html/web/writable/session/ci_session5d88d92a43817756f5b7829e21b5d651370302ba
 create mode 100644 public_html/web/writable/session/ci_session5ebed850ee96db887552b7c0c0f449bb39f510b7
 create mode 100644 public_html/web/writable/session/ci_session5f0c8be01d6fc18d88e2e2d41517817a8348df61
 create mode 100644 public_html/web/writable/session/ci_session5fd127a2c010f0e705836cbaef04ba5aedc0dab2
 create mode 100644 public_html/web/writable/session/ci_session60b2d3c45cfc087c2ce1cd9cd056e4b734fbbed1
 create mode 100644 public_html/web/writable/session/ci_session61833c2b75eaad729debf9935ccd5b78cd073c48
 create mode 100644 public_html/web/writable/session/ci_session618e602502251e2c8a27181f3875ef9123f443c8
 create mode 100644 public_html/web/writable/session/ci_session6224f857bbde7d587c4855b5617003d5364f2e55
 create mode 100644 public_html/web/writable/session/ci_session62e0fae3932f1c933fce7fcd02241f060e24f960
 create mode 100644 public_html/web/writable/session/ci_session65400447d302c380e8d6fe214470959c227070bb
 create mode 100644 public_html/web/writable/session/ci_session667dcfb60640f164193e588da90e86f3f93e27ec
 create mode 100644 public_html/web/writable/session/ci_session66c99b02e306e17166fc59b1e374e6961cf0a1a2
 create mode 100644 public_html/web/writable/session/ci_session673ca3bd8082490bbcf67800c14452b43f59b29f
 create mode 100644 public_html/web/writable/session/ci_session6d35654c01ea4cc37bdafcadedd6e0c23e6cb3f2
 create mode 100644 public_html/web/writable/session/ci_session7257d3521dd8fa788b9137ad5dd1ba13310dd6ca
 create mode 100644 public_html/web/writable/session/ci_session791b8d4bf328e965f774f3a00f57cb820a3e4cb4
 create mode 100644 public_html/web/writable/session/ci_session814a8b7afac05e827e92fecb152e5998357be78e
 create mode 100644 public_html/web/writable/session/ci_session8266a004bbb6816d5d0da32628280058fa4415fc
 create mode 100644 public_html/web/writable/session/ci_session856450586da694109597e4f7214ff4e07c396fb4
 create mode 100644 public_html/web/writable/session/ci_session89692b3b06d9f423064f91336114cfa67bed952c
 create mode 100644 public_html/web/writable/session/ci_session8ae4571dc4cf81d48f38775ca45fc1495f9ac427
 create mode 100644 public_html/web/writable/session/ci_session8b6cca7da63b6529b9d7bb0d755a67af959951e9
 create mode 100644 public_html/web/writable/session/ci_session8f95cb72a61d5fbc785f4f3bba7f03ce30294106
 create mode 100644 public_html/web/writable/session/ci_session8fa8727b98657382d5b36a8bd136da2d0b379548
 create mode 100644 public_html/web/writable/session/ci_session9196790e038807b29a80fcee8c05b96a4b4c07c3
 create mode 100644 public_html/web/writable/session/ci_session92ed0007e678dfc45b47b7d1a955d613b4d3e5c5
 create mode 100644 public_html/web/writable/session/ci_session936e6290de3357a193cda86d586dda9efd265940
 create mode 100644 public_html/web/writable/session/ci_session9514e8667d68cfe66f98f9096a8edd809010a0c6
 create mode 100644 public_html/web/writable/session/ci_sessiona2238d037cb6cf5d796b5daaeba80024adc32563
 create mode 100644 public_html/web/writable/session/ci_sessionaab0d95a4bf6095c8c7c324e109a829127e102d8
 create mode 100644 public_html/web/writable/session/ci_sessionb41cfa59812f6e983a6584351b715e76a34f2330
 create mode 100644 public_html/web/writable/session/ci_sessionb83f42a3ba331516aae421ca229074392783ce38
 create mode 100644 public_html/web/writable/session/ci_sessionba0d1db40b5b14448bbecca3b8ff4fc7fa1a4e94
 create mode 100644 public_html/web/writable/session/ci_sessionbafe4ca9852f704b64353706e77ba978cf65825e
 create mode 100644 public_html/web/writable/session/ci_sessionbbcea535997af9eb8a53e511151f6dbce319a8ac
 create mode 100644 public_html/web/writable/session/ci_sessionbeea32ed77a0247b670549588b3f832d348505f2
 create mode 100644 public_html/web/writable/session/ci_sessionc2689943e0385716313c793fa6ae76eae9d46c9c
 create mode 100644 public_html/web/writable/session/ci_sessionc286981fab53c515eedf9d479cb30c316bac698d
 create mode 100644 public_html/web/writable/session/ci_sessionc43589c92a1ee90e3d5df6c7a854c2ca5fbab42b
 create mode 100644 public_html/web/writable/session/ci_sessionc4ae387dcc0d3707aa73c8d6ab86ba5ce0e02dfa
 create mode 100644 public_html/web/writable/session/ci_sessionc84cc2d9bc8fb342ef7a089e973bccd139c69a27
 create mode 100644 public_html/web/writable/session/ci_sessioncac71ea49db90e500c4ac65048b7e12c9292f037
 create mode 100644 public_html/web/writable/session/ci_sessioncdc2a3022dc50566d24f637589178183b6f42075
 create mode 100644 public_html/web/writable/session/ci_sessioncdc70031e05cae1973ab97d2d67e9da091cadda1
 create mode 100644 public_html/web/writable/session/ci_sessionce869278d772c5e304ed9e3967e535b7a71cde64
 create mode 100644 public_html/web/writable/session/ci_sessiond594b5a2abdb999ea61e3f30731f9655d222a02b
 create mode 100644 public_html/web/writable/session/ci_sessiond66da4cd9236fd7f887c3705faec0afdf83c0c59
 create mode 100644 public_html/web/writable/session/ci_sessiond997d345a06eb987c4bafa01a398e2046c3ed10e
 create mode 100644 public_html/web/writable/session/ci_sessione07a76ee0ee2293583fb45d97054ce6c2ec28e01
 create mode 100644 public_html/web/writable/session/ci_sessione1ff30f411d3d0b374a7f83acc09170ce15433a9
 create mode 100644 public_html/web/writable/session/ci_sessione93899db53a92ddef8f5de43c50dffbbbc2bab0b
 create mode 100644 public_html/web/writable/session/ci_sessioneabcb1da6163627f34c2b96a1853f9f546adc28a
 create mode 100644 public_html/web/writable/session/ci_sessionec725060d6c4f5a7867bb3b394c422617f96697b
 create mode 100644 public_html/web/writable/session/ci_sessionef609e6a0a603527b995dd6a81ea6992a968bef6
 create mode 100644 public_html/web/writable/session/ci_sessionfda18a148c62670c90f4a3e6f09a3d0d690054ed
 create mode 100644 ssl/certs/www_ugi_idealgroups_org_bca8a_59aad_1792490160_0c8b1dabe8aea8764ee42f1ee67ba943.crt
 create mode 100644 ssl/certs/www_ugi_idealgroups_org_bca8a_59aad_1792490160_0c8b1dabe8aea8764ee42f1ee67ba943.crt.cache
 create mode 100644 ssl/keys/bca8a_59aad_35eb73a1bcbe4c384695e90790628696.key
 rewrite ssl/ssl.db.cache (95%)
 rewrite tmp/webalizer/ctry_usage_202607.png (98%)
 rewrite tmp/webalizer/daily_usage_202607.png (97%)
 rewrite tmp/webalizer/digicard.idealgroups.org/daily_usage_202607.png (97%)
 rewrite tmp/webalizer/digicard.idealgroups.org/hourly_usage_202607.png (95%)
 rewrite tmp/webalizer/digicard.idealgroups.org/usage.png (97%)
 rewrite tmp/webalizer/fizznfreeze.idealgroups.org/ctry_usage_202607.png (96%)
 rewrite tmp/webalizer/fizznfreeze.idealgroups.org/daily_usage_202607.png (97%)
 rewrite tmp/webalizer/fizznfreeze.idealgroups.org/hourly_usage_202607.png (96%)
 rewrite tmp/webalizer/fizznfreeze.idealgroups.org/usage.png (97%)
 rewrite tmp/webalizer/hourly_usage_202607.png (96%)
 rewrite tmp/webalizer/kmanimalhealthcare.idealgroups.org/ctry_usage_202607.png (97%)
 rewrite tmp/webalizer/kmanimalhealthcare.idealgroups.org/daily_usage_202607.png (97%)
 rewrite tmp/webalizer/kmanimalhealthcare.idealgroups.org/hourly_usage_202607.png (95%)
 rewrite tmp/webalizer/kmanimalhealthcare.idealgroups.org/usage.png (97%)
 rewrite tmp/webalizer/ssl/digicard.idealgroups.org/ctry_usage_202607.png (97%)
 rewrite tmp/webalizer/ssl/digicard.idealgroups.org/daily_usage_202607.png (97%)
 rewrite tmp/webalizer/ssl/digicard.idealgroups.org/hourly_usage_202607.png (96%)
 rewrite tmp/webalizer/ssl/digicard.idealgroups.org/usage.png (97%)
 rewrite tmp/webalizer/ssl/fizznfreeze.idealgroups.org/ctry_usage_202607.png (97%)
 rewrite tmp/webalizer/ssl/fizznfreeze.idealgroups.org/daily_usage_202607.png (96%)
 rewrite tmp/webalizer/ssl/fizznfreeze.idealgroups.org/hourly_usage_202607.png (96%)
 rewrite tmp/webalizer/ssl/fizznfreeze.idealgroups.org/usage.png (97%)
 rewrite tmp/webalizer/ssl/idealgroups.org/daily_usage_202607.png (98%)
 rewrite tmp/webalizer/ssl/idealgroups.org/hourly_usage_202607.png (96%)
 rewrite tmp/webalizer/ssl/idealgroups.org/usage.png (97%)
 rewrite tmp/webalizer/ssl/kmanimalhealthcare.idealgroups.org/ctry_usage_202607.png (97%)
 rewrite tmp/webalizer/ssl/kmanimalhealthcare.idealgroups.org/daily_usage_202607.png (97%)
 rewrite tmp/webalizer/ssl/kmanimalhealthcare.idealgroups.org/hourly_usage_202607.png (96%)
 rewrite tmp/webalizer/ssl/kmanimalhealthcare.idealgroups.org/usage.png (97%)
 rewrite tmp/webalizer/ssl/ugi.idealgroups.org/daily_usage_202607.png (97%)
 rewrite tmp/webalizer/ssl/ugi.idealgroups.org/hourly_usage_202607.png (96%)
 rewrite tmp/webalizer/ssl/ugi.idealgroups.org/usage.png (97%)
 rewrite tmp/webalizer/ssl/ugi.net.in.idealgroups.org/ctry_usage_202607.png (97%)
 rewrite tmp/webalizer/ssl/ugi.net.in.idealgroups.org/daily_usage_202607.png (97%)
 rewrite tmp/webalizer/ssl/ugi.net.in.idealgroups.org/hourly_usage_202607.png (96%)
 rewrite tmp/webalizer/ssl/web.idealgroups.org/daily_usage_202607.png (97%)
 rewrite tmp/webalizer/ssl/web.idealgroups.org/hourly_usage_202607.png (96%)
 rewrite tmp/webalizer/ssl/web.idealgroups.org/usage.png (97%)
 rewrite tmp/webalizer/ugi.idealgroups.org/ctry_usage_202607.png (97%)
 rewrite tmp/webalizer/ugi.idealgroups.org/daily_usage_202607.png (97%)
 rewrite tmp/webalizer/ugi.idealgroups.org/hourly_usage_202607.png (96%)
 rewrite tmp/webalizer/ugi.idealgroups.org/usage.png (97%)
 rewrite tmp/webalizer/ugi.net.in.idealgroups.org/ctry_usage_202607.png (97%)
 rewrite tmp/webalizer/ugi.net.in.idealgroups.org/daily_usage_202607.png (97%)
 rewrite tmp/webalizer/ugi.net.in.idealgroups.org/hourly_usage_202607.png (95%)
 rewrite tmp/webalizer/usage.png (97%)
 rewrite tmp/webalizer/web.idealgroups.org/ctry_usage_202607.png (97%)
 rewrite tmp/webalizer/web.idealgroups.org/daily_usage_202607.png (97%)
 rewrite tmp/webalizer/web.idealgroups.org/hourly_usage_202607.png (95%)
 rewrite tmp/webalizer/web.idealgroups.org/usage.png (97%)
Pushing to GitHub...
remote: To https://github.com/rittz-in/ideal_groups_online.git
   79fd679..3b6ecb1  main -> main
Backup completed: Thu Jul 23 02:00:16 IST 2026
==============================
==============================
Backup started: Fri Jul 24 02:00:04 IST 2026
warning: You ran 'git add' with neither '-A (--all)' or '--ignore-removal',
whose behaviour will change in Git 2.0 with respect to paths you removed.
Paths like 'ideal_db_backups/idealgro_web_2026-07-22_15-51-01.sql.gz' that are
removed from your working tree are ignored with this version of Git.

* 'git add --ignore-removal <pathspec>', which is the current default,
  ignores paths you removed from your working tree.

* 'git add --all <pathspec>' will let you also record the removals.

Run 'git status' to check the paths you removed from your working tree.

Changes found. Creating commit...
[main ea1284b] Backup 2026-07-24 02:00
 170 files changed, 16468 insertions(+), 16115 deletions(-)
 rewrite .cpanel/datastore/ssl_FETCHINSTALLEDHOSTS (98%)
 rewrite .cpanel/email_accounts.json (100%)
 create mode 100644 ideal_db_backups/idealgro_web_2026-07-24_01-45-02.sql.gz
 create mode 100644 public_html/web/writable/session/ci_session1136fc4af984aee676e98248e460025ee7faf1cf
 create mode 100644 public_html/web/writable/session/ci_session13eead78cb5ffcbd09e58473e32e2ec479c3d666
 create mode 100644 public_html/web/writable/session/ci_session1c4e18f016897bb5ddb59f4a961e7ff1639fc36a
 create mode 100644 public_html/web/writable/session/ci_session1f96d5727f4346bec67808189143674c9f80187a
 create mode 100644 public_html/web/writable/session/ci_session285f96439c09bbb048d51f8ed522a02828f92645
 create mode 100644 public_html/web/writable/session/ci_session2e82af32c5a6e1ee831ab5cccdb6e44420618146
 create mode 100644 public_html/web/writable/session/ci_session30323e39e5950799e27e997609249644cc6a84fb
 create mode 100644 public_html/web/writable/session/ci_session30b904dadbe8f735c79e916cc72a283a09304769
 create mode 100644 public_html/web/writable/session/ci_session3254770f0cf4d571a3f7b88cc37ec5cd9df7cdd5
 create mode 100644 public_html/web/writable/session/ci_session3363e9ade434a80754be987e90d7322477408473
 create mode 100644 public_html/web/writable/session/ci_session3d47ed075f39792cda1c284474f079fcd4ffe7ad
 create mode 100644 public_html/web/writable/session/ci_session42c7c2d548f55c475d24e3e0eabe3b4cd3c01bbd
 create mode 100644 public_html/web/writable/session/ci_session4aaf3484fe15c4212374c45013896fa92456aa8f
 create mode 100644 public_html/web/writable/session/ci_session4c38deef59dc08afb806ed632ebfffea8c1eaf4d
 create mode 100644 public_html/web/writable/session/ci_session4c4476541fe3a313ca5857491e936c6f4a2c3e95
 create mode 100644 public_html/web/writable/session/ci_session4e49721b7f3e75fd7be65a93fbb9fac5fff73533
 create mode 100644 public_html/web/writable/session/ci_session4e50c8c4b1df5b3e4b66f77ed394e573a90d010e
 create mode 100644 public_html/web/writable/session/ci_session5128ea317df2da7ad5b464d4cdd444299a726a74
 create mode 100644 public_html/web/writable/session/ci_session5e3c05b0a6b0dd412ce55653ae6042d05e1a93f0
 create mode 100644 public_html/web/writable/session/ci_session65466f3bc054e5d766d859d55ac431e3a58206de
 create mode 100644 public_html/web/writable/session/ci_session6cf319a56e9728c512cafbf226fdcdfb8a5ac5d2
 create mode 100644 public_html/web/writable/session/ci_session6dc7f094a52f70ab2859cf0526ec3f4e785eab73
 create mode 100644 public_html/web/writable/session/ci_session6ffb35f1546a4e2f162ae6d1df1862bb01684218
 create mode 100644 public_html/web/writable/session/ci_session81dabff02f7077a5df634e5b6bb140822df23420
 create mode 100644 public_html/web/writable/session/ci_session89662d644e34ef38c20a905783cb6477ec4c7a95
 create mode 100644 public_html/web/writable/session/ci_session8ea3e7eef0002148350b3c2f030d8d0125b46cd9
 create mode 100644 public_html/web/writable/session/ci_session8edd1528c6d5ea6953effb17734ac12b2a0a7f97
 create mode 100644 public_html/web/writable/session/ci_session911b97eab14b40eeefb073794c597cb54ae1170b
 create mode 100644 public_html/web/writable/session/ci_session922528544d925847764a1eb32ce855ec13c2759d
 create mode 100644 public_html/web/writable/session/ci_session93ef66c3d2f5378fb6b87848a90fe374ae924b5b
 create mode 100644 public_html/web/writable/session/ci_session96c9f55a69b9764de99aae1dc9fa9a7056f23ab6
 create mode 100644 public_html/web/writable/session/ci_session9f78be81f99c11ed05e36bf0b1bd4ceefe28dfcf
 create mode 100644 public_html/web/writable/session/ci_sessionb59a70a2542c45abe4d1bff01da27ed3bdbce568
 create mode 100644 public_html/web/writable/session/ci_sessiond14a31c1128f19dff06ecc0b0add53f71327cc47
 create mode 100644 public_html/web/writable/session/ci_sessionda184c5597aac37cc5e39fff862c66a4c0e8cfaa
 create mode 100644 public_html/web/writable/session/ci_sessionddc7f99ebc186310e1b118c6a33835a6b0249d2e
 create mode 100644 public_html/web/writable/session/ci_sessione20102c69039a7e33bfcde95f9603d1291e6fa77
 create mode 100644 public_html/web/writable/session/ci_sessione47235232e2c8c2e27715335317f6162911d8b58
 create mode 100644 public_html/web/writable/session/ci_sessione7f9c3ad02edb8ff40fb71d8ec9b05e68234c2f6
 create mode 100644 public_html/web/writable/session/ci_sessionf0ef0ff6186d3df4a475123dbf71775d2e62a0a5
 create mode 100644 public_html/web/writable/session/ci_sessionf1ccb9fed1bb8ac3d09ced3279c79f68d9fca9a5
 rewrite tmp/webalizer/ctry_usage_202607.png (98%)
 rewrite tmp/webalizer/daily_usage_202607.png (97%)
 rewrite tmp/webalizer/digicard.idealgroups.org/daily_usage_202607.png (97%)
 rewrite tmp/webalizer/digicard.idealgroups.org/hourly_usage_202607.png (95%)
 rewrite tmp/webalizer/digicard.idealgroups.org/usage.png (97%)
 rewrite tmp/webalizer/fizznfreeze.idealgroups.org/ctry_usage_202607.png (96%)
 rewrite tmp/webalizer/fizznfreeze.idealgroups.org/daily_usage_202607.png (97%)
 rewrite tmp/webalizer/fizznfreeze.idealgroups.org/hourly_usage_202607.png (96%)
 rewrite tmp/webalizer/fizznfreeze.idealgroups.org/usage.png (97%)
 rewrite tmp/webalizer/hourly_usage_202607.png (96%)
 rewrite tmp/webalizer/kmanimalhealthcare.idealgroups.org/daily_usage_202607.png (97%)
 rewrite tmp/webalizer/kmanimalhealthcare.idealgroups.org/hourly_usage_202607.png (96%)
 rewrite tmp/webalizer/kmanimalhealthcare.idealgroups.org/usage.png (97%)
 rewrite tmp/webalizer/ssl/digicard.idealgroups.org/daily_usage_202607.png (97%)
 rewrite tmp/webalizer/ssl/digicard.idealgroups.org/hourly_usage_202607.png (96%)
 rewrite tmp/webalizer/ssl/digicard.idealgroups.org/usage.png (61%)
 rewrite tmp/webalizer/ssl/fizznfreeze.idealgroups.org/ctry_usage_202607.png (97%)
 rewrite tmp/webalizer/ssl/fizznfreeze.idealgroups.org/daily_usage_202607.png (97%)
 rewrite tmp/webalizer/ssl/fizznfreeze.idealgroups.org/hourly_usage_202607.png (96%)
 rewrite tmp/webalizer/ssl/idealgroups.org/ctry_usage_202607.png (95%)
 rewrite tmp/webalizer/ssl/idealgroups.org/daily_usage_202607.png (98%)
 rewrite tmp/webalizer/ssl/idealgroups.org/hourly_usage_202607.png (96%)
 rewrite tmp/webalizer/ssl/idealgroups.org/usage.png (97%)
 rewrite tmp/webalizer/ssl/kmanimalhealthcare.idealgroups.org/ctry_usage_202607.png (97%)
 rewrite tmp/webalizer/ssl/kmanimalhealthcare.idealgroups.org/daily_usage_202607.png (97%)
 rewrite tmp/webalizer/ssl/kmanimalhealthcare.idealgroups.org/hourly_usage_202607.png (96%)
 rewrite tmp/webalizer/ssl/kmanimalhealthcare.idealgroups.org/usage.png (97%)
 rewrite tmp/webalizer/ssl/ugi.idealgroups.org/ctry_usage_202607.png (96%)
 rewrite tmp/webalizer/ssl/ugi.idealgroups.org/daily_usage_202607.png (97%)
 rewrite tmp/webalizer/ssl/ugi.idealgroups.org/hourly_usage_202607.png (96%)
 rewrite tmp/webalizer/ssl/ugi.idealgroups.org/usage.png (97%)
 rewrite tmp/webalizer/ssl/ugi.net.in.idealgroups.org/ctry_usage_202607.png (97%)
 rewrite tmp/webalizer/ssl/ugi.net.in.idealgroups.org/daily_usage_202607.png (97%)
 rewrite tmp/webalizer/ssl/ugi.net.in.idealgroups.org/hourly_usage_202607.png (96%)
 rewrite tmp/webalizer/ssl/web.idealgroups.org/daily_usage_202607.png (97%)
 rewrite tmp/webalizer/ssl/web.idealgroups.org/hourly_usage_202607.png (96%)
 rewrite tmp/webalizer/ssl/web.idealgroups.org/usage.png (97%)
 rewrite tmp/webalizer/ugi.idealgroups.org/ctry_usage_202607.png (96%)
 rewrite tmp/webalizer/ugi.idealgroups.org/daily_usage_202607.png (97%)
 rewrite tmp/webalizer/ugi.idealgroups.org/hourly_usage_202607.png (96%)
 rewrite tmp/webalizer/ugi.idealgroups.org/usage.png (97%)
 rewrite tmp/webalizer/ugi.net.in.idealgroups.org/ctry_usage_202607.png (97%)
 rewrite tmp/webalizer/ugi.net.in.idealgroups.org/daily_usage_202607.png (97%)
 rewrite tmp/webalizer/ugi.net.in.idealgroups.org/hourly_usage_202607.png (96%)
 rewrite tmp/webalizer/usage.png (97%)
Pushing to GitHub...
remote: To https://github.com/rittz-in/ideal_groups_online.git
   3b6ecb1..ea1284b  main -> main
Backup completed: Fri Jul 24 02:00:30 IST 2026
==============================
==============================
Backup started: Sat Jul 25 02:00:03 IST 2026
warning: You ran 'git add' with neither '-A (--all)' or '--ignore-removal',
whose behaviour will change in Git 2.0 with respect to paths you removed.
Paths like 'ideal_db_backups/idealgro_web_2026-07-22_15-51-01.sql.gz' that are
removed from your working tree are ignored with this version of Git.

* 'git add --ignore-removal <pathspec>', which is the current default,
  ignores paths you removed from your working tree.

* 'git add --all <pathspec>' will let you also record the removals.

Run 'git status' to check the paths you removed from your working tree.

Changes found. Creating commit...
[main 963895d] Backup 2026-07-25 02:00
 163 files changed, 15958 insertions(+), 13801 deletions(-)
 rewrite .cpanel/datastore/ssl_FETCHINSTALLEDHOSTS (99%)
 rewrite .cpanel/email_accounts.json (100%)
 create mode 100644 ideal_db_backups/idealgro_web_2026-07-25_01-45-02.sql.gz
 create mode 100644 public_html/web/writable/session/ci_session0a10da83e5234bfefb89846f0803515d470a659a
 create mode 100644 public_html/web/writable/session/ci_session0b68f6eb5981dff30816c1d44d3063a9826c7b64
 create mode 100644 public_html/web/writable/session/ci_session0c8acf9b6df02f7da422bf1ef2a77483155ca40c
 create mode 100644 public_html/web/writable/session/ci_session0f4e9918e23431c296962c6e5485c7c85ab49696
 create mode 100644 public_html/web/writable/session/ci_session1316c8c239c8fa8b1f9e01355a0f36c0d198b2ed
 create mode 100644 public_html/web/writable/session/ci_session15d96a1e2ef284bd94c546b1c6a2d806ce7cb3a0
 create mode 100644 public_html/web/writable/session/ci_session1689cad3e6fdcb6137cf03e6bcb6818b7b46f31e
 create mode 100644 public_html/web/writable/session/ci_session236a5637c0bfe5c26edf903e989be8236eae3a1f
 create mode 100644 public_html/web/writable/session/ci_session28c2b74dd50ad0e2b8dc10f71a0808842e2032d9
 create mode 100644 public_html/web/writable/session/ci_session3fceedabe459af02a11fab682495f517d60b81df
 create mode 100644 public_html/web/writable/session/ci_session4e9a3fa60bc582fae8521c49462404fdca548731
 create mode 100644 public_html/web/writable/session/ci_session7b607c7facc57f453b8e69c61fb66a2e3fb30f4d
 create mode 100644 public_html/web/writable/session/ci_session7c05ccf3593ea0c75f3b5a1e9126295e41c700bc
 create mode 100644 public_html/web/writable/session/ci_session8aaf33e305ff38ca0185154cc30070acc2341b08
 create mode 100644 public_html/web/writable/session/ci_session97458154515265308abae82e5439baf5ffc71e2f
 create mode 100644 public_html/web/writable/session/ci_session9df0f95c8c8d0d4e3637a188aca472e50e57cc91
 create mode 100644 public_html/web/writable/session/ci_sessionb3ac1efbee45636c73ca1c123b1e74f51d9ae012
 create mode 100644 public_html/web/writable/session/ci_sessioncc6398b1582c5cff7d598c377d7d2200603d585b
 create mode 100644 public_html/web/writable/session/ci_sessiond56657666dae1cb7175feea585d17b0f8bbe3c78
 create mode 100644 public_html/web/writable/session/ci_sessiond6b441ea91e812959f533df34c1e8ecb30e2e20c
 create mode 100644 public_html/web/writable/session/ci_sessioneba0e508d8358f8c4609f358bd1283a22f778983
 create mode 100644 public_html/web/writable/session/ci_sessionedfa4c7523eda7e34095a39267b5ee8f796a9e7b
 create mode 100644 public_html/web/writable/session/ci_sessionee72ed5e3bb5dc16ba99193f06f39ef2884aa119
 create mode 100644 public_html/web/writable/session/ci_sessionf806ed6b7d26324150754db461055b8293855380
 create mode 100644 public_html/web/writable/session/ci_sessionf8306b7bcba990878e41c99861359880ab7e9496
 create mode 100644 ssl/certs/fizznfreeze_idealgroups_org_bb53c_449c7_1792662996_6b5dfcd524f59af2a84734bee3b97957.crt
 create mode 100644 ssl/certs/fizznfreeze_idealgroups_org_bb53c_449c7_1792662996_6b5dfcd524f59af2a84734bee3b97957.crt.cache
 create mode 100644 ssl/keys/bb53c_449c7_1abf0f7f985b73e9d7fa47318cf99ad3.key
 rewrite ssl/ssl.db.cache (96%)
 rewrite tmp/webalizer/ctry_usage_202607.png (98%)
 rewrite tmp/webalizer/daily_usage_202607.png (97%)
 rewrite tmp/webalizer/fizznfreeze.idealgroups.org/ctry_usage_202607.png (97%)
 rewrite tmp/webalizer/fizznfreeze.idealgroups.org/daily_usage_202607.png (97%)
 rewrite tmp/webalizer/fizznfreeze.idealgroups.org/hourly_usage_202607.png (96%)
 rewrite tmp/webalizer/fizznfreeze.idealgroups.org/usage.png (97%)
 rewrite tmp/webalizer/hourly_usage_202607.png (96%)
 rewrite tmp/webalizer/kmanimalhealthcare.idealgroups.org/ctry_usage_202607.png (96%)
 rewrite tmp/webalizer/kmanimalhealthcare.idealgroups.org/daily_usage_202607.png (97%)
 rewrite tmp/webalizer/kmanimalhealthcare.idealgroups.org/hourly_usage_202607.png (96%)
 rewrite tmp/webalizer/kmanimalhealthcare.idealgroups.org/usage.png (97%)
 rewrite tmp/webalizer/ssl/digicard.idealgroups.org/daily_usage_202607.png (97%)
 rewrite tmp/webalizer/ssl/digicard.idealgroups.org/hourly_usage_202607.png (96%)
 rewrite tmp/webalizer/ssl/digicard.idealgroups.org/usage.png (97%)
 rewrite tmp/webalizer/ssl/fizznfreeze.idealgroups.org/ctry_usage_202607.png (97%)
 rewrite tmp/webalizer/ssl/fizznfreeze.idealgroups.org/daily_usage_202607.png (97%)
 rewrite tmp/webalizer/ssl/fizznfreeze.idealgroups.org/hourly_usage_202607.png (96%)
 rewrite tmp/webalizer/ssl/fizznfreeze.idealgroups.org/usage.png (97%)
 rewrite tmp/webalizer/ssl/idealgroups.org/daily_usage_202607.png (98%)
 rewrite tmp/webalizer/ssl/idealgroups.org/hourly_usage_202607.png (96%)
 rewrite tmp/webalizer/ssl/idealgroups.org/usage.png (97%)
 rewrite tmp/webalizer/ssl/kmanimalhealthcare.idealgroups.org/ctry_usage_202607.png (97%)
 rewrite tmp/webalizer/ssl/kmanimalhealthcare.idealgroups.org/daily_usage_202607.png (97%)
 rewrite tmp/webalizer/ssl/kmanimalhealthcare.idealgroups.org/hourly_usage_202607.png (96%)
 rewrite tmp/webalizer/ssl/kmanimalhealthcare.idealgroups.org/usage.png (97%)
 rewrite tmp/webalizer/ssl/ugi.idealgroups.org/ctry_usage_202607.png (95%)
 rewrite tmp/webalizer/ssl/ugi.idealgroups.org/daily_usage_202607.png (97%)
 rewrite tmp/webalizer/ssl/ugi.idealgroups.org/hourly_usage_202607.png (96%)
 rewrite tmp/webalizer/ssl/ugi.idealgroups.org/usage.png (97%)
 rewrite tmp/webalizer/ssl/ugi.net.in.idealgroups.org/ctry_usage_202607.png (97%)
 rewrite tmp/webalizer/ssl/ugi.net.in.idealgroups.org/daily_usage_202607.png (97%)
 rewrite tmp/webalizer/ssl/ugi.net.in.idealgroups.org/hourly_usage_202607.png (96%)
 rewrite tmp/webalizer/ssl/web.idealgroups.org/ctry_usage_202607.png (97%)
 rewrite tmp/webalizer/ssl/web.idealgroups.org/daily_usage_202607.png (97%)
 rewrite tmp/webalizer/ssl/web.idealgroups.org/hourly_usage_202607.png (96%)
 rewrite tmp/webalizer/ssl/web.idealgroups.org/usage.png (97%)
 rewrite tmp/webalizer/ugi.idealgroups.org/ctry_usage_202607.png (96%)
 rewrite tmp/webalizer/ugi.idealgroups.org/daily_usage_202607.png (97%)
 rewrite tmp/webalizer/ugi.idealgroups.org/hourly_usage_202607.png (96%)
 rewrite tmp/webalizer/ugi.idealgroups.org/usage.png (97%)
 rewrite tmp/webalizer/ugi.net.in.idealgroups.org/ctry_usage_202607.png (97%)
 rewrite tmp/webalizer/ugi.net.in.idealgroups.org/daily_usage_202607.png (97%)
 rewrite tmp/webalizer/ugi.net.in.idealgroups.org/hourly_usage_202607.png (96%)
 rewrite tmp/webalizer/ugi.net.in.idealgroups.org/usage.png (97%)
 rewrite tmp/webalizer/usage.png (62%)
 rewrite tmp/webalizer/web.idealgroups.org/daily_usage_202607.png (97%)
 rewrite tmp/webalizer/web.idealgroups.org/hourly_usage_202607.png (95%)
 rewrite tmp/webalizer/web.idealgroups.org/usage.png (94%)
Pushing to GitHub...
remote: To https://github.com/rittz-in/ideal_groups_online.git
   ea1284b..963895d  main -> main
Backup completed: Sat Jul 25 02:00:33 IST 2026
==============================
==============================
Backup started: Sun Jul 26 02:00:03 IST 2026
warning: You ran 'git add' with neither '-A (--all)' or '--ignore-removal',
whose behaviour will change in Git 2.0 with respect to paths you removed.
Paths like 'ideal_db_backups/idealgro_web_2026-07-22_15-51-01.sql.gz' that are
removed from your working tree are ignored with this version of Git.

* 'git add --ignore-removal <pathspec>', which is the current default,
  ignores paths you removed from your working tree.

* 'git add --all <pathspec>' will let you also record the removals.

Run 'git status' to check the paths you removed from your working tree.

Changes found. Creating commit...
[main 27c02a4] Backup 2026-07-26 02:00
 167 files changed, 18930 insertions(+), 17111 deletions(-)
 rewrite .cpanel/datastore/ssl_FETCHINSTALLEDHOSTS (99%)
 rewrite .cpanel/email_accounts.json (100%)
 create mode 100644 ideal_db_backups/idealgro_web_2026-07-26_01-45-01.sql.gz
 create mode 100644 public_html/web/writable/session/ci_session17a23c67eefd92af91654b783d6af81f3821db3b
 create mode 100644 public_html/web/writable/session/ci_session180bf480efacda309b241708fc11d2ede0824ec0
 create mode 100644 public_html/web/writable/session/ci_session1d83e32e3b5ee6ad7b67ade4d6f36b6e75f93374
 create mode 100644 public_html/web/writable/session/ci_session316cb6b508beda44d6b183a7bfa77c05c08b8eb0
 create mode 100644 public_html/web/writable/session/ci_session3cc51f9ef2221b1c5ca1628a1947a4d0dfff31dd
 create mode 100644 public_html/web/writable/session/ci_session3ec162d7f82c122b11efc65c71c515a75f3e1912
 create mode 100644 public_html/web/writable/session/ci_session487811790b599f84f98d1084535c8402275a24f9
 create mode 100644 public_html/web/writable/session/ci_session599c2f1a3949295619835a8c04c39275fa1da68c
 create mode 100644 public_html/web/writable/session/ci_session646756a4dc30fa08cff919797704529dfe772822
 create mode 100644 public_html/web/writable/session/ci_session70776a03f7ffe8726664536628c30096a18e4e93
 create mode 100644 public_html/web/writable/session/ci_session7f3695347e907f36bedfec12c43a1135d29fde7f
 create mode 100644 public_html/web/writable/session/ci_session827cd1688348333453404df2c52d8e6cc5454cde
 create mode 100644 public_html/web/writable/session/ci_session8c3a68ae7953390144d6df00c8aad9412cdcc17f
 create mode 100644 public_html/web/writable/session/ci_session9bbf3503ae9b7f04a6acd14e46b5e693c824c969
 create mode 100644 public_html/web/writable/session/ci_session9e204db54c1a55662cca1a9aed0d6a95a1817b74
 create mode 100644 public_html/web/writable/session/ci_session9eb534ef42168f76f85f7050bb1784ace6bc16a4
 create mode 100644 public_html/web/writable/session/ci_sessiona1d9c53c3b42b7d8fe620a62d720b3daeb32b9aa
 create mode 100644 public_html/web/writable/session/ci_sessionb15775471a805e0b19c6f88ad674838ee9079108
 create mode 100644 public_html/web/writable/session/ci_sessionbb44d03d15105b3f2d7f201372e960d372cced8a
 create mode 100644 public_html/web/writable/session/ci_sessionc7b778a321a898d8717dd23b1bc4415ece7d51d0
 create mode 100644 public_html/web/writable/session/ci_sessiond62e6216f890fbbcb6e2d165da7301c48f110492
 create mode 100644 public_html/web/writable/session/ci_sessione363b900cbb786be1ba361ea27d3a7158483e039
 create mode 100644 public_html/web/writable/session/ci_sessionef9bdb18841aa349a07f3975f1e2c66b574655b0
 create mode 100644 public_html/web/writable/session/ci_sessionf222adbf3baeeffdc544f9d714f7d57f39283b51
 create mode 100644 public_html/web/writable/session/ci_sessionfab0963a60e1b602a1d98413ca630a0188e6213e
 create mode 100644 public_html/web/writable/session/ci_sessionfbcb522e25e3822d204dcdf3b7cf21dfad1570ae
 rewrite tmp/webalizer/ctry_usage_202607.png (98%)
 rewrite tmp/webalizer/daily_usage_202607.png (97%)
 rewrite tmp/webalizer/digicard.idealgroups.org/ctry_usage_202607.png (97%)
 rewrite tmp/webalizer/digicard.idealgroups.org/daily_usage_202607.png (97%)
 rewrite tmp/webalizer/fizznfreeze.idealgroups.org/ctry_usage_202607.png (97%)
 rewrite tmp/webalizer/fizznfreeze.idealgroups.org/daily_usage_202607.png (97%)
 rewrite tmp/webalizer/fizznfreeze.idealgroups.org/hourly_usage_202607.png (96%)
 rewrite tmp/webalizer/fizznfreeze.idealgroups.org/usage.png (97%)
 rewrite tmp/webalizer/hourly_usage_202607.png (96%)
 rewrite tmp/webalizer/kmanimalhealthcare.idealgroups.org/daily_usage_202607.png (97%)
 rewrite tmp/webalizer/kmanimalhealthcare.idealgroups.org/hourly_usage_202607.png (96%)
 rewrite tmp/webalizer/kmanimalhealthcare.idealgroups.org/usage.png (97%)
 rewrite tmp/webalizer/ssl/digicard.idealgroups.org/ctry_usage_202607.png (97%)
 rewrite tmp/webalizer/ssl/digicard.idealgroups.org/daily_usage_202607.png (97%)
 rewrite tmp/webalizer/ssl/digicard.idealgroups.org/hourly_usage_202607.png (96%)
 rewrite tmp/webalizer/ssl/digicard.idealgroups.org/usage.png (97%)
 rewrite tmp/webalizer/ssl/fizznfreeze.idealgroups.org/ctry_usage_202607.png (97%)
 rewrite tmp/webalizer/ssl/fizznfreeze.idealgroups.org/daily_usage_202607.png (97%)
 rewrite tmp/webalizer/ssl/fizznfreeze.idealgroups.org/hourly_usage_202607.png (96%)
 rewrite tmp/webalizer/ssl/fizznfreeze.idealgroups.org/usage.png (97%)
 rewrite tmp/webalizer/ssl/idealgroups.org/ctry_usage_202607.png (98%)
 rewrite tmp/webalizer/ssl/idealgroups.org/daily_usage_202607.png (97%)
 rewrite tmp/webalizer/ssl/idealgroups.org/hourly_usage_202607.png (96%)
 rewrite tmp/webalizer/ssl/idealgroups.org/usage.png (97%)
 rewrite tmp/webalizer/ssl/kmanimalhealthcare.idealgroups.org/daily_usage_202607.png (97%)
 rewrite tmp/webalizer/ssl/kmanimalhealthcare.idealgroups.org/hourly_usage_202607.png (96%)
 rewrite tmp/webalizer/ssl/kmanimalhealthcare.idealgroups.org/usage.png (97%)
 rewrite tmp/webalizer/ssl/ugi.idealgroups.org/ctry_usage_202607.png (97%)
 rewrite tmp/webalizer/ssl/ugi.idealgroups.org/daily_usage_202607.png (97%)
 rewrite tmp/webalizer/ssl/ugi.idealgroups.org/hourly_usage_202607.png (96%)
 rewrite tmp/webalizer/ssl/ugi.idealgroups.org/usage.png (97%)
 rewrite tmp/webalizer/ssl/ugi.net.in.idealgroups.org/ctry_usage_202607.png (97%)
 rewrite tmp/webalizer/ssl/ugi.net.in.idealgroups.org/daily_usage_202607.png (97%)
 rewrite tmp/webalizer/ssl/ugi.net.in.idealgroups.org/hourly_usage_202607.png (96%)
 rewrite tmp/webalizer/ssl/ugi.net.in.idealgroups.org/usage.png (97%)
 rewrite tmp/webalizer/ssl/web.idealgroups.org/ctry_usage_202607.png (96%)
 rewrite tmp/webalizer/ssl/web.idealgroups.org/daily_usage_202607.png (97%)
 rewrite tmp/webalizer/ssl/web.idealgroups.org/hourly_usage_202607.png (96%)
 rewrite tmp/webalizer/ssl/web.idealgroups.org/usage.png (97%)
 rewrite tmp/webalizer/ugi.idealgroups.org/daily_usage_202607.png (97%)
 rewrite tmp/webalizer/ugi.idealgroups.org/hourly_usage_202607.png (96%)
 rewrite tmp/webalizer/ugi.idealgroups.org/usage.png (97%)
 rewrite tmp/webalizer/ugi.net.in.idealgroups.org/ctry_usage_202607.png (97%)
 rewrite tmp/webalizer/ugi.net.in.idealgroups.org/daily_usage_202607.png (96%)
 rewrite tmp/webalizer/ugi.net.in.idealgroups.org/hourly_usage_202607.png (96%)
 rewrite tmp/webalizer/usage.png (97%)
 rewrite tmp/webalizer/web.idealgroups.org/ctry_usage_202607.png (97%)
 rewrite tmp/webalizer/web.idealgroups.org/daily_usage_202607.png (95%)
 rewrite tmp/webalizer/web.idealgroups.org/hourly_usage_202607.png (95%)
 rewrite tmp/webalizer/web.idealgroups.org/usage.png (97%)
Pushing to GitHub...
remote: To https://github.com/rittz-in/ideal_groups_online.git
   963895d..27c02a4  main -> main
Backup completed: Sun Jul 26 02:00:34 IST 2026
==============================
==============================
Backup started: Mon Jul 27 02:00:03 IST 2026
warning: You ran 'git add' with neither '-A (--all)' or '--ignore-removal',
whose behaviour will change in Git 2.0 with respect to paths you removed.
Paths like 'ideal_db_backups/idealgro_web_2026-07-22_15-51-01.sql.gz' that are
removed from your working tree are ignored with this version of Git.

* 'git add --ignore-removal <pathspec>', which is the current default,
  ignores paths you removed from your working tree.

* 'git add --all <pathspec>' will let you also record the removals.

Run 'git status' to check the paths you removed from your working tree.

Changes found. Creating commit...
[main dadaf4b] Backup 2026-07-27 02:00
 165 files changed, 17919 insertions(+), 16976 deletions(-)
 rewrite .cpanel/email_accounts.json (100%)
 create mode 100644 ideal_db_backups/idealgro_web_2026-07-27_01-45-02.sql.gz
 create mode 100644 public_html/web/writable/session/ci_session0d9e9b8d95d5e167eaa50cd2b22b776285571356
 create mode 100644 public_html/web/writable/session/ci_session132e6f6c5736d27cd21cf99244862974771252b8
 create mode 100644 public_html/web/writable/session/ci_session1ea5a0e8995663c60e3c638fdba10bd55f0ad7c0
 create mode 100644 public_html/web/writable/session/ci_session2173ebf2306af30ccfc8f8d80293107917b9e07f
 create mode 100644 public_html/web/writable/session/ci_session2b29c87f1ea1b70bec8a24cf133db5d5849a6da2
 create mode 100644 public_html/web/writable/session/ci_session2e3ca897ab180e25d47009100629c4ee69a2a635
 create mode 100644 public_html/web/writable/session/ci_session43f959d81189df4808f61ad11310ff43e9fc9577
 create mode 100644 public_html/web/writable/session/ci_session4ba023a9ded7dad3c9e1cb7dff58b9bf695140d5
 create mode 100644 public_html/web/writable/session/ci_session50f11e18e90c871a67753dd829522ff0647529b9
 create mode 100644 public_html/web/writable/session/ci_session5d8ac00dcaf53d3f2249af7f68dc20edb8cf0b65
 create mode 100644 public_html/web/writable/session/ci_session683c14b71cca36003b57fb3f686006147d2e1022
 create mode 100644 public_html/web/writable/session/ci_session7f34cabf7b71add575e6c6de052ad994d46972f5
 create mode 100644 public_html/web/writable/session/ci_session8b2fde80463757aec6883b96398bda26866d122f
 create mode 100644 public_html/web/writable/session/ci_session8cb193da0a7dc470cba6850efb2e2a632ff08ada
 create mode 100644 public_html/web/writable/session/ci_sessiona5288bb3948225ad95031c65266f063b9b45b678
 create mode 100644 public_html/web/writable/session/ci_sessionac4b11981c0d365a6b462974cc0fadc1d86e9934
 create mode 100644 public_html/web/writable/session/ci_sessionc015f6fe3eaf264d499604dfdf3a0b9729e23d99
 create mode 100644 public_html/web/writable/session/ci_sessionc773cf8df6878af7edc2b57df8f666eccdc51bf6
 create mode 100644 public_html/web/writable/session/ci_sessiond736af468fa0986d5808b002222da1d8cc99be8d
 create mode 100644 public_html/web/writable/session/ci_sessiondd7f09cb04317bed5ddb047caffb34a04c205bf1
 create mode 100644 public_html/web/writable/session/ci_sessiondea059df5b90035736110a7f3f7d9c64f9886f9f
 create mode 100644 public_html/web/writable/session/ci_sessione50a4532e3749d6e68cecf6744408655cd3b48b5
 create mode 100644 public_html/web/writable/session/ci_sessionf1a4f0d53409fe4e70b4c480dca22cfed05e30f5
 create mode 100644 public_html/web/writable/session/ci_sessionf5d70acba3bf25094f1920b3073c726c9c469716
 create mode 100644 public_html/web/writable/session/ci_sessionf5f767bc9f421151d99c6f60dbb1e04ba541ce21
 create mode 100644 public_html/web/writable/session/ci_sessionfb0f6c3260ec1dd2ff11c662b40ad52b970efeca
 rewrite tmp/webalizer/ctry_usage_202607.png (98%)
 rewrite tmp/webalizer/daily_usage_202607.png (97%)
 rewrite tmp/webalizer/digicard.idealgroups.org/ctry_usage_202607.png (97%)
 rewrite tmp/webalizer/digicard.idealgroups.org/daily_usage_202607.png (97%)
 rewrite tmp/webalizer/digicard.idealgroups.org/hourly_usage_202607.png (95%)
 rewrite tmp/webalizer/fizznfreeze.idealgroups.org/ctry_usage_202607.png (97%)
 rewrite tmp/webalizer/fizznfreeze.idealgroups.org/daily_usage_202607.png (97%)
 rewrite tmp/webalizer/fizznfreeze.idealgroups.org/hourly_usage_202607.png (96%)
 rewrite tmp/webalizer/fizznfreeze.idealgroups.org/usage.png (97%)
 rewrite tmp/webalizer/hourly_usage_202607.png (96%)
 rewrite tmp/webalizer/kmanimalhealthcare.idealgroups.org/daily_usage_202607.png (97%)
 rewrite tmp/webalizer/kmanimalhealthcare.idealgroups.org/hourly_usage_202607.png (96%)
 rewrite tmp/webalizer/kmanimalhealthcare.idealgroups.org/usage.png (95%)
 rewrite tmp/webalizer/ssl/digicard.idealgroups.org/ctry_usage_202607.png (97%)
 rewrite tmp/webalizer/ssl/digicard.idealgroups.org/daily_usage_202607.png (97%)
 rewrite tmp/webalizer/ssl/digicard.idealgroups.org/hourly_usage_202607.png (96%)
 rewrite tmp/webalizer/ssl/digicard.idealgroups.org/usage.png (97%)
 rewrite tmp/webalizer/ssl/fizznfreeze.idealgroups.org/ctry_usage_202607.png (97%)
 rewrite tmp/webalizer/ssl/fizznfreeze.idealgroups.org/daily_usage_202607.png (95%)
 rewrite tmp/webalizer/ssl/fizznfreeze.idealgroups.org/hourly_usage_202607.png (96%)
 rewrite tmp/webalizer/ssl/fizznfreeze.idealgroups.org/usage.png (97%)
 rewrite tmp/webalizer/ssl/idealgroups.org/daily_usage_202607.png (98%)
 rewrite tmp/webalizer/ssl/idealgroups.org/hourly_usage_202607.png (96%)
 rewrite tmp/webalizer/ssl/idealgroups.org/usage.png (97%)
 rewrite tmp/webalizer/ssl/kmanimalhealthcare.idealgroups.org/ctry_usage_202607.png (98%)
 rewrite tmp/webalizer/ssl/kmanimalhealthcare.idealgroups.org/daily_usage_202607.png (97%)
 rewrite tmp/webalizer/ssl/kmanimalhealthcare.idealgroups.org/hourly_usage_202607.png (96%)
 rewrite tmp/webalizer/ssl/kmanimalhealthcare.idealgroups.org/usage.png (68%)
 rewrite tmp/webalizer/ssl/ugi.idealgroups.org/ctry_usage_202607.png (97%)
 rewrite tmp/webalizer/ssl/ugi.idealgroups.org/daily_usage_202607.png (97%)
 rewrite tmp/webalizer/ssl/ugi.idealgroups.org/hourly_usage_202607.png (95%)
 rewrite tmp/webalizer/ssl/ugi.net.in.idealgroups.org/daily_usage_202607.png (97%)
 rewrite tmp/webalizer/ssl/ugi.net.in.idealgroups.org/hourly_usage_202607.png (96%)
 rewrite tmp/webalizer/ssl/web.idealgroups.org/daily_usage_202607.png (97%)
 rewrite tmp/webalizer/ssl/web.idealgroups.org/hourly_usage_202607.png (96%)
 rewrite tmp/webalizer/ssl/web.idealgroups.org/usage.png (97%)
 rewrite tmp/webalizer/ugi.idealgroups.org/ctry_usage_202607.png (96%)
 rewrite tmp/webalizer/ugi.idealgroups.org/daily_usage_202607.png (97%)
 rewrite tmp/webalizer/ugi.idealgroups.org/hourly_usage_202607.png (96%)
 rewrite tmp/webalizer/ugi.idealgroups.org/usage.png (97%)
 rewrite tmp/webalizer/ugi.net.in.idealgroups.org/ctry_usage_202607.png (97%)
 rewrite tmp/webalizer/ugi.net.in.idealgroups.org/daily_usage_202607.png (97%)
 rewrite tmp/webalizer/ugi.net.in.idealgroups.org/hourly_usage_202607.png (95%)
 rewrite tmp/webalizer/usage.png (97%)
 rewrite tmp/webalizer/web.idealgroups.org/ctry_usage_202607.png (97%)
 rewrite tmp/webalizer/web.idealgroups.org/daily_usage_202607.png (97%)
 rewrite tmp/webalizer/web.idealgroups.org/hourly_usage_202607.png (95%)
 rewrite tmp/webalizer/web.idealgroups.org/usage.png (94%)
Pushing to GitHub...
remote: To https://github.com/rittz-in/ideal_groups_online.git
   27c02a4..dadaf4b  main -> main
Backup completed: Mon Jul 27 02:00:16 IST 2026
==============================
==============================
Backup started: Tue Jul 28 02:00:02 IST 2026
warning: You ran 'git add' with neither '-A (--all)' or '--ignore-removal',
whose behaviour will change in Git 2.0 with respect to paths you removed.
Paths like 'ideal_db_backups/idealgro_web_2026-07-22_15-51-01.sql.gz' that are
removed from your working tree are ignored with this version of Git.

* 'git add --ignore-removal <pathspec>', which is the current default,
  ignores paths you removed from your working tree.

* 'git add --all <pathspec>' will let you also record the removals.

Run 'git status' to check the paths you removed from your working tree.

warning: CRLF will be replaced by LF in public_html/digicard/.htaccess.
The file will have its original line endings in your working directory.
warning: CRLF will be replaced by LF in public_html/digicard/.htaccess.phpupgrader.b83e2086.
The file will have its original line endings in your working directory.
warning: CRLF will be replaced by LF in public_html/digicard/.htaccess.phpupgrader.f805bbf4.
The file will have its original line endings in your working directory.
warning: CRLF will be replaced by LF in public_html/digicard/.htaccess.phpupgrader.initial.
The file will have its original line endings in your working directory.
warning: CRLF will be replaced by LF in public_html/digicard/database/ideal_group_updated.sql.
The file will have its original line endings in your working directory.
warning: CRLF will be replaced by LF in public_html/digicard/resources/views/Page-not-found/index.blade.php.
The file will have its original line endings in your working directory.
warning: CRLF will be replaced by LF in public_html/digicard/resources/views/alert.blade.php.
The file will have its original line endings in your working directory.
warning: CRLF will be replaced by LF in public_html/digicard/resources/views/contact/index.blade.php.
The file will have its original line endings in your working directory.
warning: CRLF will be replaced by LF in public_html/digicard/resources/views/delete_model.blade.php.
The file will have its original line endings in your working directory.
warning: CRLF will be replaced by LF in public_html/digicard/resources/views/inquiry/index.blade.php.
The file will have its original line endings in your working directory.
warning: CRLF will be replaced by LF in public_html/digicard/resources/views/links/index.blade.php.
The file will have its original line endings in your working directory.
warning: CRLF will be replaced by LF in public_html/digicard/resources/views/payment/create-edit.blade.php.
The file will have its original line endings in your working directory.
warning: CRLF will be replaced by LF in public_html/digicard/resources/views/services/create-edit.blade.php.
The file will have its original line endings in your working directory.
warning: CRLF will be replaced by LF in public_html/digicard/resources/views/super-admin/create-edit.blade.php.
The file will have its original line endings in your working directory.
warning: CRLF will be replaced by LF in public_html/digicard/resources/views/testimonials/create-edit.blade.php.
The file will have its original line endings in your working directory.
warning: CRLF will be replaced by LF in public_html/digicard/resources/views/user-not-found.blade.php.
The file will have its original line endings in your working directory.
warning: CRLF will be replaced by LF in public_html/digicard/resources/views/videos/create-edit.blade.php.
The file will have its original line endings in your working directory.
warning: CRLF will be replaced by LF in public_html/digicard/style.css.
The file will have its original line endings in your working directory.
warning: CRLF will be replaced by LF in public_html/kmanimalhealthcare.idealgroups.org/public/app/assets/fonts/nucleo-icons.eot.
The file will have its original line endings in your working directory.
warning: CRLF will be replaced by LF in public_html/kmanimalhealthcare.idealgroups.org/public/app/assets/fonts/nucleo-icons.ttf.
The file will have its original line endings in your working directory.
warning: CRLF will be replaced by LF in public_html/kmanimalhealthcare.idealgroups.org/public/app/assets/fonts/nucleo-icons.woff.
The file will have its original line endings in your working directory.
warning: CRLF will be replaced by LF in public_html/kmanimalhealthcare.idealgroups.org/public/app/assets/fonts/nucleo.eot.
The file will have its original line endings in your working directory.
warning: CRLF will be replaced by LF in public_html/kmanimalhealthcare.idealgroups.org/public/app/assets/fonts/nucleo.ttf.
The file will have its original line endings in your working directory.
warning: CRLF will be replaced by LF in public_html/kmanimalhealthcare.idealgroups.org/public/app/assets/img/3d-cube.png.
The file will have its original line endings in your working directory.
warning: CRLF will be replaced by LF in public_html/kmanimalhealthcare.idealgroups.org/public/app/assets/img/apple-icon.png.
The file will have its original line endings in your working directory.
warning: CRLF will be replaced by LF in public_html/kmanimalhealthcare.idealgroups.org/public/app/assets/img/bg1.jpg.
The file will have its original line endings in your working directory.
warning: CRLF will be replaced by LF in public_html/kmanimalhealthcare.idealgroups.org/public/app/assets/img/curved-images/img-6.jpg.
The file will have its original line endings in your working directory.
warning: CRLF will be replaced by LF in public_html/kmanimalhealthcare.idealgroups.org/public/app/assets/img/curved-images/img-7.jpg.
The file will have its original line endings in your working directory.
warning: CRLF will be replaced by LF in public_html/kmanimalhealthcare.idealgroups.org/public/app/assets/img/default-avatar.png.
The file will have its original line endings in your working directory.
warning: CRLF will be replaced by LF in public_html/kmanimalhealthcare.idealgroups.org/public/app/assets/img/favicon.png.
The file will have its original line endings in your working directory.
warning: CRLF will be replaced by LF in public_html/kmanimalhealthcare.idealgroups.org/public/app/assets/img/header-blue-purple.jpg.
The file will have its original line endings in your working directory.
warning: CRLF will be replaced by LF in public_html/kmanimalhealthcare.idealgroups.org/public/app/assets/img/header-orange-purple.jpg.
The file will have its original line endings in your working directory.
warning: CRLF will be replaced by LF in public_html/kmanimalhealthcare.idealgroups.org/public/app/assets/img/image-sign-in.jpg.
The file will have its original line endings in your working directory.
warning: CRLF will be replaced by LF in public_html/kmanimalhealthcare.idealgroups.org/public/app/assets/img/img-2.jpg.
The file will have its original line endings in your working directory.
warning: CRLF will be replaced by LF in public_html/kmanimalhealthcare.idealgroups.org/public/app/assets/img/img-3.jpg.
The file will have its original line endings in your working directory.
warning: CRLF will be replaced by LF in public_html/kmanimalhealthcare.idealgroups.org/public/app/assets/img/img-4.jpg.
The file will have its original line endings in your working directory.
warning: CRLF will be replaced by LF in public_html/kmanimalhealthcare.idealgroups.org/public/app/assets/img/img-5.jpg.
The file will have its original line endings in your working directory.
warning: CRLF will be replaced by LF in public_html/kmanimalhealthcare.idealgroups.org/public/app/assets/img/img-8.jpg.
The file will have its original line endings in your working directory.
warning: CRLF will be replaced by LF in public_html/kmanimalhealthcare.idealgroups.org/public/app/assets/img/img-9.jpg.
The file will have its original line endings in your working directory.
warning: CRLF will be replaced by LF in public_html/kmanimalhealthcare.idealgroups.org/public/app/assets/img/logo-ct-dark.png.
The file will have its original line endings in your working directory.
warning: CRLF will be replaced by LF in public_html/kmanimalhealthcare.idealgroups.org/public/app/assets/img/logo-ct.png.
The file will have its original line endings in your working directory.
warning: CRLF will be replaced by LF in public_html/kmanimalhealthcare.idealgroups.org/public/app/assets/img/logos/mastercard-white.png.
The file will have its original line endings in your working directory.
warning: CRLF will be replaced by LF in public_html/kmanimalhealthcare.idealgroups.org/public/app/assets/img/logos/mastercard.png.
The file will have its original line endings in your working directory.
warning: CRLF will be replaced by LF in public_html/kmanimalhealthcare.idealgroups.org/public/app/assets/img/logos/visa-white.png.
The file will have its original line endings in your working directory.
warning: CRLF will be replaced by LF in public_html/kmanimalhealthcare.idealgroups.org/public/app/assets/img/logos/visa.png.
The file will have its original line endings in your working directory.
warning: CRLF will be replaced by LF in public_html/kmanimalhealthcare.idealgroups.org/public/app/assets/img/logos/wifi-white.png.
The file will have its original line endings in your working directory.
warning: CRLF will be replaced by LF in public_html/kmanimalhealthcare.idealgroups.org/public/app/assets/img/small-logos/icon-sun-cloud.png.
The file will have its original line endings in your working directory.
warning: CRLF will be replaced by LF in public_html/kmanimalhealthcare.idealgroups.org/public/app/assets/img/team-1.jpg.
The file will have its original line endings in your working directory.
warning: CRLF will be replaced by LF in public_html/kmanimalhealthcare.idealgroups.org/public/app/assets/img/team-2.jpg.
The file will have its original line endings in your working directory.
warning: CRLF will be replaced by LF in public_html/kmanimalhealthcare.idealgroups.org/public/app/assets/img/team-3.jpg.
The file will have its original line endings in your working directory.
warning: CRLF will be replaced by LF in public_html/kmanimalhealthcare.idealgroups.org/public/app/assets/img/team-4.jpg.
The file will have its original line endings in your working directory.
warning: CRLF will be replaced by LF in public_html/kmanimalhealthcare.idealgroups.org/public/app/assets/img/theme/angular.jpg.
The file will have its original line endings in your working directory.
warning: CRLF will be replaced by LF in public_html/kmanimalhealthcare.idealgroups.org/public/app/assets/img/theme/bootstrap.jpg.
The file will have its original line endings in your working directory.
warning: CRLF will be replaced by LF in public_html/kmanimalhealthcare.idealgroups.org/public/app/assets/img/theme/dribbble.png.
The file will have its original line endings in your working directory.
warning: CRLF will be replaced by LF in public_html/kmanimalhealthcare.idealgroups.org/public/app/assets/img/theme/dropbox.png.
The file will have its original line endings in your working directory.
warning: CRLF will be replaced by LF in public_html/kmanimalhealthcare.idealgroups.org/public/app/assets/img/theme/mastercard.png.
The file will have its original line endings in your working directory.
warning: CRLF will be replaced by LF in public_html/kmanimalhealthcare.idealgroups.org/public/app/assets/img/theme/paypal.png.
The file will have its original line endings in your working directory.
warning: CRLF will be replaced by LF in public_html/kmanimalhealthcare.idealgroups.org/public/app/assets/img/theme/react.jpg.
The file will have its original line endings in your working directory.
warning: CRLF will be replaced by LF in public_html/kmanimalhealthcare.idealgroups.org/public/app/assets/img/theme/sketch.jpg.
The file will have its original line endings in your working directory.
warning: CRLF will be replaced by LF in public_html/kmanimalhealthcare.idealgroups.org/public/app/assets/img/theme/slack.png.
The file will have its original line endings in your working directory.
warning: CRLF will be replaced by LF in public_html/kmanimalhealthcare.idealgroups.org/public/app/assets/img/theme/tim.png.
The file will have its original line endings in your working directory.
warning: CRLF will be replaced by LF in public_html/kmanimalhealthcare.idealgroups.org/public/app/assets/img/theme/unass.jpg.
The file will have its original line endings in your working directory.
warning: CRLF will be replaced by LF in public_html/kmanimalhealthcare.idealgroups.org/public/app/assets/img/theme/visa.png.
The file will have its original line endings in your working directory.
warning: CRLF will be replaced by LF in public_html/kmanimalhealthcare.idealgroups.org/public/app/assets/img/theme/vue.jpg.
The file will have its original line endings in your working directory.
warning: CRLF will be replaced by LF in public_html/kmanimalhealthcare.idealgroups.org/public/app/assets/img/thumbnail-free.jpg.
The file will have its original line endings in your working directory.
warning: CRLF will be replaced by LF in public_html/kmanimalhealthcare.idealgroups.org/public/assets/fonts/nucleo-icons.eot.
The file will have its original line endings in your working directory.
warning: CRLF will be replaced by LF in public_html/kmanimalhealthcare.idealgroups.org/public/assets/fonts/nucleo-icons.ttf.
The file will have its original line endings in your working directory.
warning: CRLF will be replaced by LF in public_html/kmanimalhealthcare.idealgroups.org/public/assets/fonts/nucleo-icons.woff.
The file will have its original line endings in your working directory.
warning: CRLF will be replaced by LF in public_html/kmanimalhealthcare.idealgroups.org/public/assets/fonts/nucleo.eot.
The file will have its original line endings in your working directory.
warning: CRLF will be replaced by LF in public_html/kmanimalhealthcare.idealgroups.org/public/assets/fonts/nucleo.ttf.
The file will have its original line endings in your working directory.
warning: CRLF will be replaced by LF in public_html/kmanimalhealthcare.idealgroups.org/public/assets/img/3d-cube.png.
The file will have its original line endings in your working directory.
warning: CRLF will be replaced by LF in public_html/kmanimalhealthcare.idealgroups.org/public/assets/img/apple-icon.png.
The file will have its original line endings in your working directory.
warning: CRLF will be replaced by LF in public_html/kmanimalhealthcare.idealgroups.org/public/assets/img/bg1.jpg.
The file will have its original line endings in your working directory.
warning: CRLF will be replaced by LF in public_html/kmanimalhealthcare.idealgroups.org/public/assets/img/curved-images/img-6.jpg.
The file will have its original line endings in your working directory.
warning: CRLF will be replaced by LF in public_html/kmanimalhealthcare.idealgroups.org/public/assets/img/curved-images/img-7.jpg.
The file will have its original line endings in your working directory.
warning: CRLF will be replaced by LF in public_html/kmanimalhealthcare.idealgroups.org/public/assets/img/default-avatar.png.
The file will have its original line endings in your working directory.
warning: CRLF will be replaced by LF in public_html/kmanimalhealthcare.idealgroups.org/public/assets/img/favicon.png.
The file will have its original line endings in your working directory.
warning: CRLF will be replaced by LF in public_html/kmanimalhealthcare.idealgroups.org/public/assets/img/header-blue-purple.jpg.
The file will have its original line endings in your working directory.
warning: CRLF will be replaced by LF in public_html/kmanimalhealthcare.idealgroups.org/public/assets/img/header-orange-purple.jpg.
The file will have its original line endings in your working directory.
warning: CRLF will be replaced by LF in public_html/kmanimalhealthcare.idealgroups.org/public/assets/img/image-sign-in.jpg.
The file will have its original line endings in your working directory.
warning: CRLF will be replaced by LF in public_html/kmanimalhealthcare.idealgroups.org/public/assets/img/img-2.jpg.
The file will have its original line endings in your working directory.
warning: CRLF will be replaced by LF in public_html/kmanimalhealthcare.idealgroups.org/public/assets/img/img-3.jpg.
The file will have its original line endings in your working directory.
warning: CRLF will be replaced by LF in public_html/kmanimalhealthcare.idealgroups.org/public/assets/img/img-4.jpg.
The file will have its original line endings in your working directory.
warning: CRLF will be replaced by LF in public_html/kmanimalhealthcare.idealgroups.org/public/assets/img/img-5.jpg.
The file will have its original line endings in your working directory.
warning: CRLF will be replaced by LF in public_html/kmanimalhealthcare.idealgroups.org/public/assets/img/img-8.jpg.
The file will have its original line endings in your working directory.
warning: CRLF will be replaced by LF in public_html/kmanimalhealthcare.idealgroups.org/public/assets/img/img-9.jpg.
The file will have its original line endings in your working directory.
warning: CRLF will be replaced by LF in public_html/kmanimalhealthcare.idealgroups.org/public/assets/img/logo-ct-dark.png.
The file will have its original line endings in your working directory.
warning: CRLF will be replaced by LF in public_html/kmanimalhealthcare.idealgroups.org/public/assets/img/logo-ct.png.
The file will have its original line endings in your working directory.
warning: CRLF will be replaced by LF in public_html/kmanimalhealthcare.idealgroups.org/public/assets/img/logos/mastercard-white.png.
The file will have its original line endings in your working directory.
warning: CRLF will be replaced by LF in public_html/kmanimalhealthcare.idealgroups.org/public/assets/img/logos/mastercard.png.
The file will have its original line endings in your working directory.
warning: CRLF will be replaced by LF in public_html/kmanimalhealthcare.idealgroups.org/public/assets/img/logos/visa-white.png.
The file will have its original line endings in your working directory.
warning: CRLF will be replaced by LF in public_html/kmanimalhealthcare.idealgroups.org/public/assets/img/logos/visa.png.
The file will have its original line endings in your working directory.
warning: CRLF will be replaced by LF in public_html/kmanimalhealthcare.idealgroups.org/public/assets/img/logos/wifi-white.png.
The file will have its original line endings in your working directory.
warning: CRLF will be replaced by LF in public_html/kmanimalhealthcare.idealgroups.org/public/assets/img/small-logos/icon-sun-cloud.png.
The file will have its original line endings in your working directory.
warning: CRLF will be replaced by LF in public_html/kmanimalhealthcare.idealgroups.org/public/assets/img/team-1.jpg.
The file will have its original line endings in your working directory.
warning: CRLF will be replaced by LF in public_html/kmanimalhealthcare.idealgroups.org/public/assets/img/team-2.jpg.
The file will have its original line endings in your working directory.
warning: CRLF will be replaced by LF in public_html/kmanimalhealthcare.idealgroups.org/public/assets/img/team-3.jpg.
The file will have its original line endings in your working directory.
warning: CRLF will be replaced by LF in public_html/kmanimalhealthcare.idealgroups.org/public/assets/img/team-4.jpg.
The file will have its original line endings in your working directory.
warning: CRLF will be replaced by LF in public_html/kmanimalhealthcare.idealgroups.org/public/assets/img/theme/angular.jpg.
The file will have its original line endings in your working directory.
warning: CRLF will be replaced by LF in public_html/kmanimalhealthcare.idealgroups.org/public/assets/img/theme/bootstrap.jpg.
The file will have its original line endings in your working directory.
warning: CRLF will be replaced by LF in public_html/kmanimalhealthcare.idealgroups.org/public/assets/img/theme/dribbble.png.
The file will have its original line endings in your working directory.
warning: CRLF will be replaced by LF in public_html/kmanimalhealthcare.idealgroups.org/public/assets/img/theme/dropbox.png.
The file will have its original line endings in your working directory.
warning: CRLF will be replaced by LF in public_html/kmanimalhealthcare.idealgroups.org/public/assets/img/theme/mastercard.png.
The file will have its original line endings in your working directory.
warning: CRLF will be replaced by LF in public_html/kmanimalhealthcare.idealgroups.org/public/assets/img/theme/paypal.png.
The file will have its original line endings in your working directory.
warning: CRLF will be replaced by LF in public_html/kmanimalhealthcare.idealgroups.org/public/assets/img/theme/react.jpg.
The file will have its original line endings in your working directory.
warning: CRLF will be replaced by LF in public_html/kmanimalhealthcare.idealgroups.org/public/assets/img/theme/sketch.jpg.
The file will have its original line endings in your working directory.
warning: CRLF will be replaced by LF in public_html/kmanimalhealthcare.idealgroups.org/public/assets/img/theme/slack.png.
The file will have its original line endings in your working directory.
warning: CRLF will be replaced by LF in public_html/kmanimalhealthcare.idealgroups.org/public/assets/img/theme/tim.png.
The file will have its original line endings in your working directory.
warning: CRLF will be replaced by LF in public_html/kmanimalhealthcare.idealgroups.org/public/assets/img/theme/unass.jpg.
The file will have its original line endings in your working directory.
warning: CRLF will be replaced by LF in public_html/kmanimalhealthcare.idealgroups.org/public/assets/img/theme/visa.png.
The file will have its original line endings in your working directory.
warning: CRLF will be replaced by LF in public_html/kmanimalhealthcare.idealgroups.org/public/assets/img/theme/vue.jpg.
The file will have its original line endings in your working directory.
warning: CRLF will be replaced by LF in public_html/kmanimalhealthcare.idealgroups.org/public/assets/img/thumbnail-free.jpg.
The file will have its original line endings in your working directory.
warning: CRLF will be replaced by LF in public_html/kmanimalhealthcare.idealgroups.org/public/images/product_images/1713954047_stresso-lite.png.
The file will have its original line endings in your working directory.
warning: CRLF will be replaced by LF in public_html/kmanimalhealthcare.idealgroups.org/public/images/product_images/1713954185_km-tonic.png.
The file will have its original line endings in your working directory.
warning: CRLF will be replaced by LF in public_html/kmanimalhealthcare.idealgroups.org/public/images/product_images/1713954499_grosti.png.
The file will have its original line endings in your working directory.
warning: CRLF will be replaced by LF in public_html/kmanimalhealthcare.idealgroups.org/public/images/product_images/1713954601_the-vit-premix-b.png.
The file will have its original line endings in your working directory.
warning: CRLF will be replaced by LF in public_html/kmanimalhealthcare.idealgroups.org/public/images/product_images/1714039943_km-tonic.png.
The file will have its original line endings in your working directory.
warning: CRLF will be replaced by LF in public_html/kmanimalhealthcare.idealgroups.org/public/images/product_images/1714039943_stresso-lite.png.
The file will have its original line endings in your working directory.
warning: CRLF will be replaced by LF in public_html/kmanimalhealthcare.idealgroups.org/public/images/product_images/1714039943_the-vit-premix-b.png.
The file will have its original line endings in your working directory.
warning: CRLF will be replaced by LF in public_html/kmanimalhealthcare.idealgroups.org/public/images/product_images/1714048504_km-tonic.png.
The file will have its original line endings in your working directory.
warning: CRLF will be replaced by LF in public_html/kmanimalhealthcare.idealgroups.org/public/images/product_images/1714048504_stresso-lite.png.
The file will have its original line endings in your working directory.
warning: CRLF will be replaced by LF in public_html/kmanimalhealthcare.idealgroups.org/public/images/product_images/1714048616_stresso-lite.png.
The file will have its original line endings in your working directory.
warning: CRLF will be replaced by LF in public_html/kmanimalhealthcare.idealgroups.org/public/images/product_images/1714048616_the-vit-premix-b.png.
The file will have its original line endings in your working directory.
warning: CRLF will be replaced by LF in public_html/kmanimalhealthcare.idealgroups.org/public/images/product_images/1714049704.png.
The file will have its original line endings in your working directory.
warning: CRLF will be replaced by LF in public_html/kmanimalhealthcare.idealgroups.org/public/images/product_images/1714049716.png.
The file will have its original line endings in your working directory.
warning: CRLF will be replaced by LF in public_html/kmanimalhealthcare.idealgroups.org/public/images/product_images/1714049716_km-tonic.png.
The file will have its original line endings in your working directory.
warning: CRLF will be replaced by LF in public_html/kmanimalhealthcare.idealgroups.org/public/images/product_images/1714049716_stresso-lite.png.
The file will have its original line endings in your working directory.
warning: CRLF will be replaced by LF in public_html/kmanimalhealthcare.idealgroups.org/public/images/product_images/1714050251.png.
The file will have its original line endings in your working directory.
warning: CRLF will be replaced by LF in public_html/kmanimalhealthcare.idealgroups.org/public/images/product_images/1714050251_stresso-lite.png.
The file will have its original line endings in your working directory.
warning: CRLF will be replaced by LF in public_html/kmanimalhealthcare.idealgroups.org/public/images/product_images/1714050251_the-vit-premix-b.png.
The file will have its original line endings in your working directory.
warning: CRLF will be replaced by LF in public_html/kmanimalhealthcare.idealgroups.org/public/images/product_images/1714051859.png.
The file will have its original line endings in your working directory.
warning: CRLF will be replaced by LF in public_html/kmanimalhealthcare.idealgroups.org/public/images/product_images/1714051859_stresso-lite.png.
The file will have its original line endings in your working directory.
warning: CRLF will be replaced by LF in public_html/kmanimalhealthcare.idealgroups.org/public/images/product_images/1714051859_the-vit-premix-b.png.
The file will have its original line endings in your working directory.
warning: CRLF will be replaced by LF in public_html/kmanimalhealthcare.idealgroups.org/public/images/product_images/1714052103.png.
The file will have its original line endings in your working directory.
warning: CRLF will be replaced by LF in public_html/kmanimalhealthcare.idealgroups.org/public/images/product_images/1714052103_stresso-lite.png.
The file will have its original line endings in your working directory.
warning: CRLF will be replaced by LF in public_html/kmanimalhealthcare.idealgroups.org/public/images/product_images/1714052103_the-vit-premix-b.png.
The file will have its original line endings in your working directory.
warning: CRLF will be replaced by LF in public_html/kmanimalhealthcare.idealgroups.org/public/images/product_images/1714562237.png.
The file will have its original line endings in your working directory.
warning: CRLF will be replaced by LF in public_html/kmanimalhealthcare.idealgroups.org/public/images/product_images/1714562237_km-tonic.png.
The file will have its original line endings in your working directory.
warning: CRLF will be replaced by LF in public_html/kmanimalhealthcare.idealgroups.org/public/images/product_images/1714562237_stresso-lite.png.
The file will have its original line endings in your working directory.
warning: CRLF will be replaced by LF in public_html/kmanimalhealthcare.idealgroups.org/public/images/product_images/1714562237_the-vit-premix-b.png.
The file will have its original line endings in your working directory.
warning: CRLF will be replaced by LF in public_html/kmanimalhealthcare.idealgroups.org/public/images/product_images/1714562524.png.
The file will have its original line endings in your working directory.
warning: CRLF will be replaced by LF in public_html/kmanimalhealthcare.idealgroups.org/public/images/product_images/1714562524_km-tonic.png.
The file will have its original line endings in your working directory.
warning: CRLF will be replaced by LF in public_html/kmanimalhealthcare.idealgroups.org/public/images/product_images/1714562524_stresso-lite.png.
The file will have its original line endings in your working directory.
warning: CRLF will be replaced by LF in public_html/kmanimalhealthcare.idealgroups.org/public/images/product_images/1714563918.png.
The file will have its original line endings in your working directory.
warning: CRLF will be replaced by LF in public_html/kmanimalhealthcare.idealgroups.org/public/images/product_images/1714563918_stresso-lite.png.
The file will have its original line endings in your working directory.
warning: CRLF will be replaced by LF in public_html/kmanimalhealthcare.idealgroups.org/public/images/product_images/1714564107.png.
The file will have its original line endings in your working directory.
warning: CRLF will be replaced by LF in public_html/kmanimalhealthcare.idealgroups.org/public/images/product_images/1714564107_grosti.png.
The file will have its original line endings in your working directory.
warning: CRLF will be replaced by LF in public_html/kmanimalhealthcare.idealgroups.org/public/images/product_images/1714564107_km-tonic.png.
The file will have its original line endings in your working directory.
warning: CRLF will be replaced by LF in public_html/kmanimalhealthcare.idealgroups.org/public/images/product_images/1714564107_stresso-lite.png.
The file will have its original line endings in your working directory.
warning: CRLF will be replaced by LF in public_html/kmanimalhealthcare.idealgroups.org/public/images/product_images/1714565730.png.
The file will have its original line endings in your working directory.
warning: CRLF will be replaced by LF in public_html/kmanimalhealthcare.idealgroups.org/public/images/product_images/1714565730_stresso-lite.png.
The file will have its original line endings in your working directory.
warning: CRLF will be replaced by LF in public_html/kmanimalhealthcare.idealgroups.org/public/images/product_images/1731501024.jpg.
The file will have its original line endings in your working directory.
warning: CRLF will be replaced by LF in public_html/kmanimalhealthcare.idealgroups.org/public/images/product_images/1731501024_Biriyani Masala.jpg.
The file will have its original line endings in your working directory.
warning: CRLF will be replaced by LF in public_html/kmanimalhealthcare.idealgroups.org/public/images/product_images/1731501512.jpg.
The file will have its original line endings in your working directory.
warning: CRLF will be replaced by LF in public_html/kmanimalhealthcare.idealgroups.org/public/images/product_images/1731501512_Chiken Masala.jpg.
The file will have its original line endings in your working directory.
warning: CRLF will be replaced by LF in public_html/kmanimalhealthcare.idealgroups.org/public/images/product_images/1731501581.jpg.
The file will have its original line endings in your working directory.
warning: CRLF will be replaced by LF in public_html/kmanimalhealthcare.idealgroups.org/public/images/product_images/1731501581_Coriender Cumin Powder.jpg.
The file will have its original line endings in your working directory.
warning: CRLF will be replaced by LF in public_html/kmanimalhealthcare.idealgroups.org/public/images/product_images/1731501668.jpg.
The file will have its original line endings in your working directory.
warning: CRLF will be replaced by LF in public_html/kmanimalhealthcare.idealgroups.org/public/images/product_images/1731501668_Garam Masala.jpg.
The file will have its original line endings in your working directory.
warning: CRLF will be replaced by LF in public_html/kmanimalhealthcare.idealgroups.org/public/images/product_images/1731501720.jpg.
The file will have its original line endings in your working directory.
warning: CRLF will be replaced by LF in public_html/kmanimalhealthcare.idealgroups.org/public/images/product_images/1731501720_Kitchen King Masala.jpg.
The file will have its original line endings in your working directory.
warning: CRLF will be replaced by LF in public_html/kmanimalhealthcare.idealgroups.org/public/images/product_images/1731501837.jpg.
The file will have its original line endings in your working directory.
warning: CRLF will be replaced by LF in public_html/kmanimalhealthcare.idealgroups.org/public/images/product_images/1731501837_Kitchen King Masala.jpg.
The file will have its original line endings in your working directory.
warning: CRLF will be replaced by LF in public_html/kmanimalhealthcare.idealgroups.org/public/images/product_images/1731501946.jpg.
The file will have its original line endings in your working directory.
warning: CRLF will be replaced by LF in public_html/kmanimalhealthcare.idealgroups.org/public/images/product_images/1731501946_Kumthi Chili.jpg.
The file will have its original line endings in your working directory.
warning: CRLF will be replaced by LF in public_html/kmanimalhealthcare.idealgroups.org/public/images/product_images/1731501999.jpg.
The file will have its original line endings in your working directory.
warning: CRLF will be replaced by LF in public_html/kmanimalhealthcare.idealgroups.org/public/images/product_images/1731501999_Noodles Masala.jpg.
The file will have its original line endings in your working directory.
warning: CRLF will be replaced by LF in public_html/kmanimalhealthcare.idealgroups.org/public/images/product_images/1731502045.jpg.
The file will have its original line endings in your working directory.
warning: CRLF will be replaced by LF in public_html/kmanimalhealthcare.idealgroups.org/public/images/product_images/1731502045_Pasta.jpg.
The file will have its original line endings in your working directory.
warning: CRLF will be replaced by LF in public_html/kmanimalhealthcare.idealgroups.org/public/images/product_images/1731502209.jpg.
The file will have its original line endings in your working directory.
warning: CRLF will be replaced by LF in public_html/kmanimalhealthcare.idealgroups.org/public/images/product_images/1731502209_Patni Chili.jpg.
The file will have its original line endings in your working directory.
warning: CRLF will be replaced by LF in public_html/kmanimalhealthcare.idealgroups.org/public/images/product_images/1731502338.jpg.
The file will have its original line endings in your working directory.
warning: CRLF will be replaced by LF in public_html/kmanimalhealthcare.idealgroups.org/public/images/product_images/1731502338_Pav Bhaji.jpg.
The file will have its original line endings in your working directory.
warning: CRLF will be replaced by LF in public_html/kmanimalhealthcare.idealgroups.org/public/images/product_images/1731505674.jpg.
The file will have its original line endings in your working directory.
warning: CRLF will be replaced by LF in public_html/kmanimalhealthcare.idealgroups.org/public/images/product_images/1731505674_Punjabi Masala.jpg.
The file will have its original line endings in your working directory.
warning: CRLF will be replaced by LF in public_html/kmanimalhealthcare.idealgroups.org/public/images/product_images/1731505741.jpg.
The file will have its original line endings in your working directory.
warning: CRLF will be replaced by LF in public_html/kmanimalhealthcare.idealgroups.org/public/images/product_images/1731505741_Turmeric Powder.jpg.
The file will have its original line endings in your working directory.
warning: CRLF will be replaced by LF in public_html/kmanimalhealthcare.idealgroups.org/public/images/product_varients/1713954047_stresso-lite.png.
The file will have its original line endings in your working directory.
warning: CRLF will be replaced by LF in public_html/kmanimalhealthcare.idealgroups.org/public/images/product_varients/1713954185_stresso-lite.png.
The file will have its original line endings in your working directory.
warning: CRLF will be replaced by LF in public_html/kmanimalhealthcare.idealgroups.org/public/images/product_varients/1713954499_grosti.png.
The file will have its original line endings in your working directory.
warning: CRLF will be replaced by LF in public_html/kmanimalhealthcare.idealgroups.org/public/images/product_varients/1713954601_the-vit-premix-b.png.
The file will have its original line endings in your working directory.
warning: CRLF will be replaced by LF in public_html/kmanimalhealthcare.idealgroups.org/public/images/product_varients/1714048504_km-tonic.png.
The file will have its original line endings in your working directory.
warning: CRLF will be replaced by LF in public_html/kmanimalhealthcare.idealgroups.org/public/images/product_varients/1714048504_the-vit-premix-b.png.
The file will have its original line endings in your working directory.
warning: CRLF will be replaced by LF in public_html/kmanimalhealthcare.idealgroups.org/public/images/product_varients/1714048616_km-tonic.png.
The file will have its original line endings in your working directory.
warning: CRLF will be replaced by LF in public_html/kmanimalhealthcare.idealgroups.org/public/images/product_varients/1714048616_stresso-lite.png.
The file will have its original line endings in your working directory.
warning: CRLF will be replaced by LF in public_html/kmanimalhealthcare.idealgroups.org/public/images/product_varients/1714049716_stresso-lite.png.
The file will have its original line endings in your working directory.
warning: CRLF will be replaced by LF in public_html/kmanimalhealthcare.idealgroups.org/public/images/product_varients/1714049716_the-vit-premix-b.png.
The file will have its original line endings in your working directory.
warning: CRLF will be replaced by LF in public_html/kmanimalhealthcare.idealgroups.org/public/images/product_varients/1714050251_km-tonic.png.
The file will have its original line endings in your working directory.
warning: CRLF will be replaced by LF in public_html/kmanimalhealthcare.idealgroups.org/public/images/product_varients/1714050251_the-vit-premix-b.png.
The file will have its original line endings in your working directory.
warning: CRLF will be replaced by LF in public_html/kmanimalhealthcare.idealgroups.org/public/images/product_varients/1714052103_stresso-lite.png.
The file will have its original line endings in your working directory.
warning: CRLF will be replaced by LF in public_html/kmanimalhealthcare.idealgroups.org/public/images/product_varients/1714052103_the-vit-premix-b.png.
The file will have its original line endings in your working directory.
warning: CRLF will be replaced by LF in public_html/kmanimalhealthcare.idealgroups.org/public/images/product_varients/1714563918_km-tonic.png.
The file will have its original line endings in your working directory.
warning: CRLF will be replaced by LF in public_html/kmanimalhealthcare.idealgroups.org/public/images/product_varients/1714563918_stresso-lite.png.
The file will have its original line endings in your working directory.
warning: CRLF will be replaced by LF in public_html/kmanimalhealthcare.idealgroups.org/public/images/product_varients/1714563918_the-vit-premix-b.png.
The file will have its original line endings in your working directory.
warning: CRLF will be replaced by LF in public_html/kmanimalhealthcare.idealgroups.org/public/images/product_varients/1714564107_km-tonic.png.
The file will have its original line endings in your working directory.
warning: CRLF will be replaced by LF in public_html/kmanimalhealthcare.idealgroups.org/public/images/product_varients/1714564107_the-vit-premix-b.png.
The file will have its original line endings in your working directory.
warning: CRLF will be replaced by LF in public_html/kmanimalhealthcare.idealgroups.org/public/siteassets/css/fonts/icofont.woff.
The file will have its original line endings in your working directory.
warning: CRLF will be replaced by LF in public_html/kmanimalhealthcare.idealgroups.org/public/siteassets/css/fonts/icofont.woff2.
The file will have its original line endings in your working directory.
warning: CRLF will be replaced by LF in public_html/kmanimalhealthcare.idealgroups.org/public/siteassets/fonts/lightcaseeead.eot.
The file will have its original line endings in your working directory.
warning: CRLF will be replaced by LF in public_html/kmanimalhealthcare.idealgroups.org/public/siteassets/fonts/lightcaseeead.ttf.
The file will have its original line endings in your working directory.
warning: CRLF will be replaced by LF in public_html/kmanimalhealthcare.idealgroups.org/public/siteassets/images/404.png.
The file will have its original line endings in your working directory.
warning: CRLF will be replaced by LF in public_html/kmanimalhealthcare.idealgroups.org/public/siteassets/images/45770.jpg.
The file will have its original line endings in your working directory.
warning: CRLF will be replaced by LF in public_html/kmanimalhealthcare.idealgroups.org/public/siteassets/images/KM-s-Nutonic-Km-Animal-Shop.jpg.
The file will have its original line endings in your working directory.
warning: CRLF will be replaced by LF in public_html/kmanimalhealthcare.idealgroups.org/public/siteassets/images/about-km.jpg.
The file will have its original line endings in your working directory.
warning: CRLF will be replaced by LF in public_html/kmanimalhealthcare.idealgroups.org/public/siteassets/images/about/01.png.
The file will have its original line endings in your working directory.
warning: CRLF will be replaced by LF in public_html/kmanimalhealthcare.idealgroups.org/public/siteassets/images/about/02.png.
The file will have its original line endings in your working directory.
warning: CRLF will be replaced by LF in public_html/kmanimalhealthcare.idealgroups.org/public/siteassets/images/about/07.jpg.
The file will have its original line endings in your working directory.
warning: CRLF will be replaced by LF in public_html/kmanimalhealthcare.idealgroups.org/public/siteassets/images/about/history/01.jpg.
The file will have its original line endings in your working directory.
warning: CRLF will be replaced by LF in public_html/kmanimalhealthcare.idealgroups.org/public/siteassets/images/about/history/achievement/01.png.
The file will have its original line endings in your working directory.
warning: CRLF will be replaced by LF in public_html/kmanimalhealthcare.idealgroups.org/public/siteassets/images/about/history/achievement/02.png.
The file will have its original line endings in your working directory.
warning: CRLF will be replaced by LF in public_html/kmanimalhealthcare.idealgroups.org/public/siteassets/images/about/history/achievement/03.png.
The file will have its original line endings in your working directory.
warning: CRLF will be replaced by LF in public_html/kmanimalhealthcare.idealgroups.org/public/siteassets/images/about/history/achievement/04.png.
The file will have its original line endings in your working directory.
warning: CRLF will be replaced by LF in public_html/kmanimalhealthcare.idealgroups.org/public/siteassets/images/about/icon/01.png.
The file will have its original line endings in your working directory.
warning: CRLF will be replaced by LF in public_html/kmanimalhealthcare.idealgroups.org/public/siteassets/images/about/icon/02.png.
The file will have its original line endings in your working directory.
warning: CRLF will be replaced by LF in public_html/kmanimalhealthcare.idealgroups.org/public/siteassets/images/about/icon/03.png.
The file will have its original line endings in your working directory.
warning: CRLF will be replaced by LF in public_html/kmanimalhealthcare.idealgroups.org/public/siteassets/images/banner/bg-images/01.jpg.
The file will have its original line endings in your working directory.
warning: CRLF will be replaced by LF in public_html/kmanimalhealthcare.idealgroups.org/public/siteassets/images/banner/bg-images/02.jpg.
The file will have its original line endings in your working directory.
warning: CRLF will be replaced by LF in public_html/kmanimalhealthcare.idealgroups.org/public/siteassets/images/banner/bg-images/background.jpg.
The file will have its original line endings in your working directory.
warning: CRLF will be replaced by LF in public_html/kmanimalhealthcare.idealgroups.org/public/siteassets/images/banner/bg-images/main_banner.jpg.
The file will have its original line endings in your working directory.
warning: CRLF will be replaced by LF in public_html/kmanimalhealthcare.idealgroups.org/public/siteassets/images/banner/bg-images/product_1.png.
The file will have its original line endings in your working directory.
warning: CRLF will be replaced by LF in public_html/kmanimalhealthcare.idealgroups.org/public/siteassets/images/banner/bg-images/product_2.png.
The file will have its original line endings in your working directory.
warning: CRLF will be replaced by LF in public_html/kmanimalhealthcare.idealgroups.org/public/siteassets/images/banner/bg-images/product_3.png.
The file will have its original line endings in your working directory.
warning: CRLF will be replaced by LF in public_html/kmanimalhealthcare.idealgroups.org/public/siteassets/images/banner/bg-images/product_4.png.
The file will have its original line endings in your working directory.
warning: CRLF will be replaced by LF in public_html/kmanimalhealthcare.idealgroups.org/public/siteassets/images/banner/bg-images/product_5.png.
The file will have its original line endings in your working directory.
warning: CRLF will be replaced by LF in public_html/kmanimalhealthcare.idealgroups.org/public/siteassets/images/bg-images/video-bg.jpg.
The file will have its original line endings in your working directory.
warning: CRLF will be replaced by LF in public_html/kmanimalhealthcare.idealgroups.org/public/siteassets/images/bg-images/yt-icon.png.
The file will have its original line endings in your working directory.
warning: CRLF will be replaced by LF in public_html/kmanimalhealthcare.idealgroups.org/public/siteassets/images/blog/01.png.
The file will have its original line endings in your working directory.
warning: CRLF will be replaced by LF in public_html/kmanimalhealthcare.idealgroups.org/public/siteassets/images/blog/02.png.
The file will have its original line endings in your working directory.
warning: CRLF will be replaced by LF in public_html/kmanimalhealthcare.idealgroups.org/public/siteassets/images/blog/03.png.
The file will have its original line endings in your working directory.
warning: CRLF will be replaced by LF in public_html/kmanimalhealthcare.idealgroups.org/public/siteassets/images/blog/04.jpg.
The file will have its original line endings in your working directory.
warning: CRLF will be replaced by LF in public_html/kmanimalhealthcare.idealgroups.org/public/siteassets/images/blog/05.jpg.
The file will have its original line endings in your working directory.
warning: CRLF will be replaced by LF in public_html/kmanimalhealthcare.idealgroups.org/public/siteassets/images/blog/06.jpg.
The file will have its original line endings in your working directory.
warning: CRLF will be replaced by LF in public_html/kmanimalhealthcare.idealgroups.org/public/siteassets/images/blog/author.png.
The file will have its original line endings in your working directory.
warning: CRLF will be replaced by LF in public_html/kmanimalhealthcare.idealgroups.org/public/siteassets/images/blog/author2.png.
The file will have its original line endings in your working directory.
warning: CRLF will be replaced by LF in public_html/kmanimalhealthcare.idealgroups.org/public/siteassets/images/cart.png.
The file will have its original line endings in your working directory.
warning: CRLF will be replaced by LF in public_html/kmanimalhealthcare.idealgroups.org/public/siteassets/images/chicken-liver.jpg.
The file will have its original line endings in your working directory.
warning: CRLF will be replaced by LF in public_html/kmanimalhealthcare.idealgroups.org/public/siteassets/images/del.png.
The file will have its original line endings in your working directory.
warning: CRLF will be replaced by LF in public_html/kmanimalhealthcare.idealgroups.org/public/siteassets/images/favicon.png.
The file will have its original line endings in your working directory.
warning: CRLF will be replaced by LF in public_html/kmanimalhealthcare.idealgroups.org/public/siteassets/images/feature/01.png.
The file will have its original line endings in your working directory.
warning: CRLF will be replaced by LF in public_html/kmanimalhealthcare.idealgroups.org/public/siteassets/images/feature/02.png.
The file will have its original line endings in your working directory.
warning: CRLF will be replaced by LF in public_html/kmanimalhealthcare.idealgroups.org/public/siteassets/images/feature/03.png.
The file will have its original line endings in your working directory.
warning: CRLF will be replaced by LF in public_html/kmanimalhealthcare.idealgroups.org/public/siteassets/images/feature/04.png.
The file will have its original line endings in your working directory.
warning: CRLF will be replaced by LF in public_html/kmanimalhealthcare.idealgroups.org/public/siteassets/images/feature/05.png.
The file will have its original line endings in your working directory.
warning: CRLF will be replaced by LF in public_html/kmanimalhealthcare.idealgroups.org/public/siteassets/images/feature/06.png.
The file will have its original line endings in your working directory.
warning: CRLF will be replaced by LF in public_html/kmanimalhealthcare.idealgroups.org/public/siteassets/images/feature/07.png.
The file will have its original line endings in your working directory.
warning: CRLF will be replaced by LF in public_html/kmanimalhealthcare.idealgroups.org/public/siteassets/images/feature/08.png.
The file will have its original line endings in your working directory.
warning: CRLF will be replaced by LF in public_html/kmanimalhealthcare.idealgroups.org/public/siteassets/images/gallery/01.jpg.
The file will have its original line endings in your working directory.
warning: CRLF will be replaced by LF in public_html/kmanimalhealthcare.idealgroups.org/public/siteassets/images/gallery/02.jpg.
The file will have its original line endings in your working directory.
warning: CRLF will be replaced by LF in public_html/kmanimalhealthcare.idealgroups.org/public/siteassets/images/gallery/03.jpg.
The file will have its original line endings in your working directory.
warning: CRLF will be replaced by LF in public_html/kmanimalhealthcare.idealgroups.org/public/siteassets/images/gallery/04.jpg.
The file will have its original line endings in your working directory.
warning: CRLF will be replaced by LF in public_html/kmanimalhealthcare.idealgroups.org/public/siteassets/images/gallery/05.jpg.
The file will have its original line endings in your working directory.
warning: CRLF will be replaced by LF in public_html/kmanimalhealthcare.idealgroups.org/public/siteassets/images/gallery/06.jpg.
The file will have its original line endings in your working directory.
warning: CRLF will be replaced by LF in public_html/kmanimalhealthcare.idealgroups.org/public/siteassets/images/gallery/07.jpg.
The file will have its original line endings in your working directory.
warning: CRLF will be replaced by LF in public_html/kmanimalhealthcare.idealgroups.org/public/siteassets/images/gallery/08.jpg.
The file will have its original line endings in your working directory.
warning: CRLF will be replaced by LF in public_html/kmanimalhealthcare.idealgroups.org/public/siteassets/images/gallery/mason/01.jpg.
The file will have its original line endings in your working directory.
warning: CRLF will be replaced by LF in public_html/kmanimalhealthcare.idealgroups.org/public/siteassets/images/gallery/mason/04.jpg.
The file will have its original line endings in your working directory.
warning: CRLF will be replaced by LF in public_html/kmanimalhealthcare.idealgroups.org/public/siteassets/images/gallery/mason/05.jpg.
The file will have its original line endings in your working directory.
warning: CRLF will be replaced by LF in public_html/kmanimalhealthcare.idealgroups.org/public/siteassets/images/gallery/mason/06.jpg.
The file will have its original line endings in your working directory.
warning: CRLF will be replaced by LF in public_html/kmanimalhealthcare.idealgroups.org/public/siteassets/images/gallery/mason/08.jpg.
The file will have its original line endings in your working directory.
warning: CRLF will be replaced by LF in public_html/kmanimalhealthcare.idealgroups.org/public/siteassets/images/header/01.png.
The file will have its original line endings in your working directory.
warning: CRLF will be replaced by LF in public_html/kmanimalhealthcare.idealgroups.org/public/siteassets/images/header/02.png.
The file will have its original line endings in your working directory.
warning: CRLF will be replaced by LF in public_html/kmanimalhealthcare.idealgroups.org/public/siteassets/images/header/03.png.
The file will have its original line endings in your working directory.
warning: CRLF will be replaced by LF in public_html/kmanimalhealthcare.idealgroups.org/public/siteassets/images/hen-icon-old.png.
The file will have its original line endings in your working directory.
warning: CRLF will be replaced by LF in public_html/kmanimalhealthcare.idealgroups.org/public/siteassets/images/hen-icon.png.
The file will have its original line endings in your working directory.
warning: CRLF will be replaced by LF in public_html/kmanimalhealthcare.idealgroups.org/public/siteassets/images/klite-02.png.
The file will have its original line endings in your working directory.
warning: CRLF will be replaced by LF in public_html/kmanimalhealthcare.idealgroups.org/public/siteassets/images/klite-03.png.
The file will have its original line endings in your working directory.
warning: CRLF will be replaced by LF in public_html/kmanimalhealthcare.idealgroups.org/public/siteassets/images/km-healthcare-logo-white.png.
The file will have its original line endings in your working directory.
warning: CRLF will be replaced by LF in public_html/kmanimalhealthcare.idealgroups.org/public/siteassets/images/km-healthcare-logo.png.
The file will have its original line endings in your working directory.
warning: CRLF will be replaced by LF in public_html/kmanimalhealthcare.idealgroups.org/public/siteassets/images/logo/01.png.
The file will have its original line endings in your working directory.
warning: CRLF will be replaced by LF in public_html/kmanimalhealthcare.idealgroups.org/public/siteassets/images/logo/02.png.
The file will have its original line endings in your working directory.
warning: CRLF will be replaced by LF in public_html/kmanimalhealthcare.idealgroups.org/public/siteassets/images/product/03.jpg.
The file will have its original line endings in your working directory.
warning: CRLF will be replaced by LF in public_html/kmanimalhealthcare.idealgroups.org/public/siteassets/images/product/04.jpg.
The file will have its original line endings in your working directory.
warning: CRLF will be replaced by LF in public_html/kmanimalhealthcare.idealgroups.org/public/siteassets/images/product/06.jpg.
The file will have its original line endings in your working directory.
warning: CRLF will be replaced by LF in public_html/kmanimalhealthcare.idealgroups.org/public/siteassets/images/product/single/top/01.png.
The file will have its original line endings in your working directory.
warning: CRLF will be replaced by LF in public_html/kmanimalhealthcare.idealgroups.org/public/siteassets/images/products/grosti.png.
The file will have its original line endings in your working directory.
warning: CRLF will be replaced by LF in public_html/kmanimalhealthcare.idealgroups.org/public/siteassets/images/products/km-tonic.png.
The file will have its original line endings in your working directory.
warning: CRLF will be replaced by LF in public_html/kmanimalhealthcare.idealgroups.org/public/siteassets/images/products/product/01.png.
The file will have its original line endings in your working directory.
warning: CRLF will be replaced by LF in public_html/kmanimalhealthcare.idealgroups.org/public/siteassets/images/products/product/02.png.
The file will have its original line endings in your working directory.
warning: CRLF will be replaced by LF in public_html/kmanimalhealthcare.idealgroups.org/public/siteassets/images/products/product/03.png.
The file will have its original line endings in your working directory.
warning: CRLF will be replaced by LF in public_html/kmanimalhealthcare.idealgroups.org/public/siteassets/images/products/product/04.png.
The file will have its original line endings in your working directory.
warning: CRLF will be replaced by LF in public_html/kmanimalhealthcare.idealgroups.org/public/siteassets/images/products/product/05.png.
The file will have its original line endings in your working directory.
warning: CRLF will be replaced by LF in public_html/kmanimalhealthcare.idealgroups.org/public/siteassets/images/products/product/06.png.
The file will have its original line endings in your working directory.
warning: CRLF will be replaced by LF in public_html/kmanimalhealthcare.idealgroups.org/public/siteassets/images/products/stresso-lite.png.
The file will have its original line endings in your working directory.
warning: CRLF will be replaced by LF in public_html/kmanimalhealthcare.idealgroups.org/public/siteassets/images/products/the-vit-premix-b.png.
The file will have its original line endings in your working directory.
warning: CRLF will be replaced by LF in public_html/kmanimalhealthcare.idealgroups.org/public/siteassets/images/products/the-vit-premix-l.png.
The file will have its original line endings in your working directory.
warning: CRLF will be replaced by LF in public_html/kmanimalhealthcare.idealgroups.org/public/siteassets/images/service/01.png.
The file will have its original line endings in your working directory.
warning: CRLF will be replaced by LF in public_html/kmanimalhealthcare.idealgroups.org/public/siteassets/images/service/02.png.
The file will have its original line endings in your working directory.
warning: CRLF will be replaced by LF in public_html/kmanimalhealthcare.idealgroups.org/public/siteassets/images/service/03.png.
The file will have its original line endings in your working directory.
warning: CRLF will be replaced by LF in public_html/kmanimalhealthcare.idealgroups.org/public/siteassets/images/service/04.png.
The file will have its original line endings in your working directory.
warning: CRLF will be replaced by LF in public_html/kmanimalhealthcare.idealgroups.org/public/siteassets/images/service/05.png.
The file will have its original line endings in your working directory.
warning: CRLF will be replaced by LF in public_html/kmanimalhealthcare.idealgroups.org/public/siteassets/images/service/06.png.
The file will have its original line endings in your working directory.
warning: CRLF will be replaced by LF in public_html/kmanimalhealthcare.idealgroups.org/public/siteassets/images/shape-img/01.png.
The file will have its original line endings in your working directory.
warning: CRLF will be replaced by LF in public_html/kmanimalhealthcare.idealgroups.org/public/siteassets/images/slider/slider01.jpg.
The file will have its original line endings in your working directory.
warning: CRLF will be replaced by LF in public_html/kmanimalhealthcare.idealgroups.org/public/siteassets/images/slider/slider03.jpg.
The file will have its original line endings in your working directory.
warning: CRLF will be replaced by LF in public_html/kmanimalhealthcare.idealgroups.org/public/siteassets/images/sponsor/01.png.
The file will have its original line endings in your working directory.
warning: CRLF will be replaced by LF in public_html/kmanimalhealthcare.idealgroups.org/public/siteassets/images/sponsor/02.png.
The file will have its original line endings in your working directory.
warning: CRLF will be replaced by LF in public_html/kmanimalhealthcare.idealgroups.org/public/siteassets/images/sponsor/03.png.
The file will have its original line endings in your working directory.
warning: CRLF will be replaced by LF in public_html/kmanimalhealthcare.idealgroups.org/public/siteassets/images/sponsor/04.png.
The file will have its original line endings in your working directory.
warning: CRLF will be replaced by LF in public_html/kmanimalhealthcare.idealgroups.org/public/siteassets/images/sponsor/05.png.
The file will have its original line endings in your working directory.
warning: CRLF will be replaced by LF in public_html/kmanimalhealthcare.idealgroups.org/public/siteassets/images/team/01.jpg.
The file will have its original line endings in your working directory.
warning: CRLF will be replaced by LF in public_html/kmanimalhealthcare.idealgroups.org/public/siteassets/images/team/02.jpg.
The file will have its original line endings in your working directory.
warning: CRLF will be replaced by LF in public_html/kmanimalhealthcare.idealgroups.org/public/siteassets/images/team/04.jpg.
The file will have its original line endings in your working directory.
warning: CRLF will be replaced by LF in public_html/kmanimalhealthcare.idealgroups.org/public/siteassets/images/testimonial/q1.png.
The file will have its original line endings in your working directory.
warning: CRLF will be replaced by LF in public_html/kmanimalhealthcare.idealgroups.org/public/siteassets/images/testimonial/q2.png.
The file will have its original line endings in your working directory.
warning: CRLF will be replaced by LF in public_html/kmanimalhealthcare.idealgroups.org/public/siteassets/images/x-icon/01.png.
The file will have its original line endings in your working directory.
warning: CRLF will be replaced by LF in public_html/kmanimalhealthcare.idealgroups.org/public/siteassets/webfonts/fa-brands-400.eot.
The file will have its original line endings in your working directory.
warning: CRLF will be replaced by LF in public_html/kmanimalhealthcare.idealgroups.org/public/siteassets/webfonts/fa-brands-400.ttf.
The file will have its original line endings in your working directory.
warning: CRLF will be replaced by LF in public_html/kmanimalhealthcare.idealgroups.org/public/siteassets/webfonts/fa-brands-400.woff.
The file will have its original line endings in your working directory.
warning: CRLF will be replaced by LF in public_html/kmanimalhealthcare.idealgroups.org/public/siteassets/webfonts/fa-brands-400.woff2.
The file will have its original line endings in your working directory.
warning: CRLF will be replaced by LF in public_html/kmanimalhealthcare.idealgroups.org/public/siteassets/webfonts/fa-brands-400d41d.eot.
The file will have its original line endings in your working directory.
warning: CRLF will be replaced by LF in public_html/kmanimalhealthcare.idealgroups.org/public/siteassets/webfonts/fa-regular-400.eot.
The file will have its original line endings in your working directory.
warning: CRLF will be replaced by LF in public_html/kmanimalhealthcare.idealgroups.org/public/siteassets/webfonts/fa-regular-400.ttf.
The file will have its original line endings in your working directory.
warning: CRLF will be replaced by LF in public_html/kmanimalhealthcare.idealgroups.org/public/siteassets/webfonts/fa-regular-400.woff.
The file will have its original line endings in your working directory.
warning: CRLF will be replaced by LF in public_html/kmanimalhealthcare.idealgroups.org/public/siteassets/webfonts/fa-regular-400d41d.eot.
The file will have its original line endings in your working directory.
warning: CRLF will be replaced by LF in public_html/kmanimalhealthcare.idealgroups.org/public/siteassets/webfonts/fa-solid-900.eot.
The file will have its original line endings in your working directory.
warning: CRLF will be replaced by LF in public_html/kmanimalhealthcare.idealgroups.org/public/siteassets/webfonts/fa-solid-900.ttf.
The file will have its original line endings in your working directory.
warning: CRLF will be replaced by LF in public_html/kmanimalhealthcare.idealgroups.org/public/siteassets/webfonts/fa-solid-900.woff.
The file will have its original line endings in your working directory.
warning: CRLF will be replaced by LF in public_html/kmanimalhealthcare.idealgroups.org/public/siteassets/webfonts/fa-solid-900.woff2.
The file will have its original line endings in your working directory.
warning: CRLF will be replaced by LF in public_html/kmanimalhealthcare.idealgroups.org/public/siteassets/webfonts/fa-solid-900d41d.eot.
The file will have its original line endings in your working directory.
warning: CRLF will be replaced by LF in public_html/kmanimalhealthcare.idealgroups.org/screenshots/dashboard.png.
The file will have its original line endings in your working directory.
warning: CRLF will be replaced by LF in public_html/kmanimalhealthcare.idealgroups.org/screenshots/forgot-password.png.
The file will have its original line endings in your working directory.
warning: CRLF will be replaced by LF in public_html/kmanimalhealthcare.idealgroups.org/screenshots/login.png.
The file will have its original line endings in your working directory.
warning: CRLF will be replaced by LF in public_html/kmanimalhealthcare.idealgroups.org/screenshots/profile-page.png.
The file will have its original line endings in your working directory.
warning: CRLF will be replaced by LF in public_html/kmanimalhealthcare.idealgroups.org/screenshots/register.png.
The file will have its original line endings in your working directory.
warning: CRLF will be replaced by LF in public_html/kmanimalhealthcare.idealgroups.org/screenshots/reset-password.png.
The file will have its original line endings in your working directory.
Changes found. Creating commit...
warning: CRLF will be replaced by LF in public_html/digicard/.htaccess.
The file will have its original line endings in your working directory.
warning: CRLF will be replaced by LF in public_html/digicard/.htaccess.
The file will have its original line endings in your working directory.
warning: CRLF will be replaced by LF in public_html/digicard/.htaccess.phpupgrader.b83e2086.
The file will have its original line endings in your working directory.
warning: CRLF will be replaced by LF in public_html/digicard/.htaccess.phpupgrader.f805bbf4.
The file will have its original line endings in your working directory.
warning: CRLF will be replaced by LF in public_html/digicard/.htaccess.phpupgrader.initial.
The file will have its original line endings in your working directory.
warning: CRLF will be replaced by LF in public_html/digicard/database/ideal_group_updated.sql.
The file will have its original line endings in your working directory.
warning: CRLF will be replaced by LF in public_html/digicard/resources/views/Page-not-found/index.blade.php.
The file will have its original line endings in your working directory.
warning: CRLF will be replaced by LF in public_html/digicard/resources/views/alert.blade.php.
The file will have its original line endings in your working directory.
warning: CRLF will be replaced by LF in public_html/digicard/resources/views/contact/index.blade.php.
The file will have its original line endings in your working directory.
warning: CRLF will be replaced by LF in public_html/digicard/resources/views/delete_model.blade.php.
The file will have its original line endings in your working directory.
warning: CRLF will be replaced by LF in public_html/digicard/resources/views/inquiry/index.blade.php.
The file will have its original line endings in your working directory.
warning: CRLF will be replaced by LF in public_html/digicard/resources/views/links/index.blade.php.
The file will have its original line endings in your working directory.
warning: CRLF will be replaced by LF in public_html/digicard/resources/views/payment/create-edit.blade.php.
The file will have its original line endings in your working directory.
warning: CRLF will be replaced by LF in public_html/digicard/resources/views/services/create-edit.blade.php.
The file will have its original line endings in your working directory.
warning: CRLF will be replaced by LF in public_html/digicard/resources/views/super-admin/create-edit.blade.php.
The file will have its original line endings in your working directory.
warning: CRLF will be replaced by LF in public_html/digicard/resources/views/testimonials/create-edit.blade.php.
The file will have its original line endings in your working directory.
warning: CRLF will be replaced by LF in public_html/digicard/resources/views/user-not-found.blade.php.
The file will have its original line endings in your working directory.
warning: CRLF will be replaced by LF in public_html/digicard/resources/views/videos/create-edit.blade.php.
The file will have its original line endings in your working directory.
warning: CRLF will be replaced by LF in public_html/digicard/style.css.
The file will have its original line endings in your working directory.
warning: CRLF will be replaced by LF in public_html/kmanimalhealthcare.idealgroups.org/public/app/assets/fonts/nucleo-icons.eot.
The file will have its original line endings in your working directory.
warning: CRLF will be replaced by LF in public_html/kmanimalhealthcare.idealgroups.org/public/app/assets/fonts/nucleo-icons.ttf.
The file will have its original line endings in your working directory.
warning: CRLF will be replaced by LF in public_html/kmanimalhealthcare.idealgroups.org/public/app/assets/fonts/nucleo.eot.
The file will have its original line endings in your working directory.
warning: CRLF will be replaced by LF in public_html/kmanimalhealthcare.idealgroups.org/public/app/assets/fonts/nucleo.ttf.
The file will have its original line endings in your working directory.
warning: CRLF will be replaced by LF in public_html/kmanimalhealthcare.idealgroups.org/public/app/assets/img/apple-icon.png.
The file will have its original line endings in your working directory.
warning: CRLF will be replaced by LF in public_html/kmanimalhealthcare.idealgroups.org/public/app/assets/img/bg1.jpg.
The file will have its original line endings in your working directory.
warning: CRLF will be replaced by LF in public_html/kmanimalhealthcare.idealgroups.org/public/app/assets/img/default-avatar.png.
The file will have its original line endings in your working directory.
warning: CRLF will be replaced by LF in public_html/kmanimalhealthcare.idealgroups.org/public/app/assets/img/favicon.png.
The file will have its original line endings in your working directory.
warning: CRLF will be replaced by LF in public_html/kmanimalhealthcare.idealgroups.org/public/app/assets/img/logo-ct-dark.png.
The file will have its original line endings in your working directory.
warning: CRLF will be replaced by LF in public_html/kmanimalhealthcare.idealgroups.org/public/app/assets/img/logo-ct.png.
The file will have its original line endings in your working directory.
warning: CRLF will be replaced by LF in public_html/kmanimalhealthcare.idealgroups.org/public/app/assets/img/logos/mastercard-white.png.
The file will have its original line endings in your working directory.
warning: CRLF will be replaced by LF in public_html/kmanimalhealthcare.idealgroups.org/public/app/assets/img/logos/mastercard.png.
The file will have its original line endings in your working directory.
warning: CRLF will be replaced by LF in public_html/kmanimalhealthcare.idealgroups.org/public/app/assets/img/logos/visa-white.png.
The file will have its original line endings in your working directory.
warning: CRLF will be replaced by LF in public_html/kmanimalhealthcare.idealgroups.org/public/app/assets/img/logos/visa.png.
The file will have its original line endings in your working directory.
warning: CRLF will be replaced by LF in public_html/kmanimalhealthcare.idealgroups.org/public/app/assets/img/logos/wifi-white.png.
The file will have its original line endings in your working directory.
warning: CRLF will be replaced by LF in public_html/kmanimalhealthcare.idealgroups.org/public/app/assets/img/small-logos/icon-sun-cloud.png.
The file will have its original line endings in your working directory.
warning: CRLF will be replaced by LF in public_html/kmanimalhealthcare.idealgroups.org/public/app/assets/img/team-1.jpg.
The file will have its original line endings in your working directory.
warning: CRLF will be replaced by LF in public_html/kmanimalhealthcare.idealgroups.org/public/app/assets/img/team-2.jpg.
The file will have its original line endings in your working directory.
warning: CRLF will be replaced by LF in public_html/kmanimalhealthcare.idealgroups.org/public/app/assets/img/team-3.jpg.
The file will have its original line endings in your working directory.
warning: CRLF will be replaced by LF in public_html/kmanimalhealthcare.idealgroups.org/public/app/assets/img/team-4.jpg.
The file will have its original line endings in your working directory.
warning: CRLF will be replaced by LF in public_html/kmanimalhealthcare.idealgroups.org/public/app/assets/img/theme/angular.jpg.
The file will have its original line endings in your working directory.
warning: CRLF will be replaced by LF in public_html/kmanimalhealthcare.idealgroups.org/public/app/assets/img/theme/bootstrap.jpg.
The file will have its original line endings in your working directory.
warning: CRLF will be replaced by LF in public_html/kmanimalhealthcare.idealgroups.org/public/app/assets/img/theme/dribbble.png.
The file will have its original line endings in your working directory.
warning: CRLF will be replaced by LF in public_html/kmanimalhealthcare.idealgroups.org/public/app/assets/img/theme/dropbox.png.
The file will have its original line endings in your working directory.
warning: CRLF will be replaced by LF in public_html/kmanimalhealthcare.idealgroups.org/public/app/assets/img/theme/mastercard.png.
The file will have its original line endings in your working directory.
warning: CRLF will be replaced by LF in public_html/kmanimalhealthcare.idealgroups.org/public/app/assets/img/theme/paypal.png.
The file will have its original line endings in your working directory.
warning: CRLF will be replaced by LF in public_html/kmanimalhealthcare.idealgroups.org/public/app/assets/img/theme/react.jpg.
The file will have its original line endings in your working directory.
warning: CRLF will be replaced by LF in public_html/kmanimalhealthcare.idealgroups.org/public/app/assets/img/theme/sketch.jpg.
The file will have its original line endings in your working directory.
warning: CRLF will be replaced by LF in public_html/kmanimalhealthcare.idealgroups.org/public/app/assets/img/theme/slack.png.
The file will have its original line endings in your working directory.
warning: CRLF will be replaced by LF in public_html/kmanimalhealthcare.idealgroups.org/public/app/assets/img/theme/tim.png.
The file will have its original line endings in your working directory.
warning: CRLF will be replaced by LF in public_html/kmanimalhealthcare.idealgroups.org/public/app/assets/img/theme/unass.jpg.
The file will have its original line endings in your working directory.
warning: CRLF will be replaced by LF in public_html/kmanimalhealthcare.idealgroups.org/public/app/assets/img/theme/visa.png.
The file will have its original line endings in your working directory.
warning: CRLF will be replaced by LF in public_html/kmanimalhealthcare.idealgroups.org/public/app/assets/img/theme/vue.jpg.
The file will have its original line endings in your working directory.
warning: CRLF will be replaced by LF in public_html/kmanimalhealthcare.idealgroups.org/public/assets/fonts/nucleo-icons.eot.
The file will have its original line endings in your working directory.
warning: CRLF will be replaced by LF in public_html/kmanimalhealthcare.idealgroups.org/public/assets/fonts/nucleo-icons.ttf.
The file will have its original line endings in your working directory.
warning: CRLF will be replaced by LF in public_html/kmanimalhealthcare.idealgroups.org/public/assets/fonts/nucleo.eot.
The file will have its original line endings in your working directory.
warning: CRLF will be replaced by LF in public_html/kmanimalhealthcare.idealgroups.org/public/assets/fonts/nucleo.ttf.
The file will have its original line endings in your working directory.
warning: CRLF will be replaced by LF in public_html/kmanimalhealthcare.idealgroups.org/public/assets/img/apple-icon.png.
The file will have its original line endings in your working directory.
warning: CRLF will be replaced by LF in public_html/kmanimalhealthcare.idealgroups.org/public/assets/img/bg1.jpg.
The file will have its original line endings in your working directory.
warning: CRLF will be replaced by LF in public_html/kmanimalhealthcare.idealgroups.org/public/assets/img/default-avatar.png.
The file will have its original line endings in your working directory.
warning: CRLF will be replaced by LF in public_html/kmanimalhealthcare.idealgroups.org/public/assets/img/favicon.png.
The file will have its original line endings in your working directory.
warning: CRLF will be replaced by LF in public_html/kmanimalhealthcare.idealgroups.org/public/assets/img/logo-ct-dark.png.
The file will have its original line endings in your working directory.
warning: CRLF will be replaced by LF in public_html/kmanimalhealthcare.idealgroups.org/public/assets/img/logo-ct.png.
The file will have its original line endings in your working directory.
warning: CRLF will be replaced by LF in public_html/kmanimalhealthcare.idealgroups.org/public/assets/img/logos/mastercard-white.png.
The file will have its original line endings in your working directory.
warning: CRLF will be replaced by LF in public_html/kmanimalhealthcare.idealgroups.org/public/assets/img/logos/mastercard.png.
The file will have its original line endings in your working directory.
warning: CRLF will be replaced by LF in public_html/kmanimalhealthcare.idealgroups.org/public/assets/img/logos/visa-white.png.
The file will have its original line endings in your working directory.
warning: CRLF will be replaced by LF in public_html/kmanimalhealthcare.idealgroups.org/public/assets/img/logos/visa.png.
The file will have its original line endings in your working directory.
warning: CRLF will be replaced by LF in public_html/kmanimalhealthcare.idealgroups.org/public/assets/img/logos/wifi-white.png.
The file will have its original line endings in your working directory.
warning: CRLF will be replaced by LF in public_html/kmanimalhealthcare.idealgroups.org/public/assets/img/small-logos/icon-sun-cloud.png.
The file will have its original line endings in your working directory.
warning: CRLF will be replaced by LF in public_html/kmanimalhealthcare.idealgroups.org/public/assets/img/team-1.jpg.
The file will have its original line endings in your working directory.
warning: CRLF will be replaced by LF in public_html/kmanimalhealthcare.idealgroups.org/public/assets/img/team-2.jpg.
The file will have its original line endings in your working directory.
warning: CRLF will be replaced by LF in public_html/kmanimalhealthcare.idealgroups.org/public/assets/img/team-3.jpg.
The file will have its original line endings in your working directory.
warning: CRLF will be replaced by LF in public_html/kmanimalhealthcare.idealgroups.org/public/assets/img/team-4.jpg.
The file will have its original line endings in your working directory.
warning: CRLF will be replaced by LF in public_html/kmanimalhealthcare.idealgroups.org/public/assets/img/theme/angular.jpg.
The file will have its original line endings in your working directory.
warning: CRLF will be replaced by LF in public_html/kmanimalhealthcare.idealgroups.org/public/assets/img/theme/bootstrap.jpg.
The file will have its original line endings in your working directory.
warning: CRLF will be replaced by LF in public_html/kmanimalhealthcare.idealgroups.org/public/assets/img/theme/dribbble.png.
The file will have its original line endings in your working directory.
warning: CRLF will be replaced by LF in public_html/kmanimalhealthcare.idealgroups.org/public/assets/img/theme/dropbox.png.
The file will have its original line endings in your working directory.
warning: CRLF will be replaced by LF in public_html/kmanimalhealthcare.idealgroups.org/public/assets/img/theme/mastercard.png.
The file will have its original line endings in your working directory.
warning: CRLF will be replaced by LF in public_html/kmanimalhealthcare.idealgroups.org/public/assets/img/theme/paypal.png.
The file will have its original line endings in your working directory.
warning: CRLF will be replaced by LF in public_html/kmanimalhealthcare.idealgroups.org/public/assets/img/theme/react.jpg.
The file will have its original line endings in your working directory.
warning: CRLF will be replaced by LF in public_html/kmanimalhealthcare.idealgroups.org/public/assets/img/theme/sketch.jpg.
The file will have its original line endings in your working directory.
warning: CRLF will be replaced by LF in public_html/kmanimalhealthcare.idealgroups.org/public/assets/img/theme/slack.png.
The file will have its original line endings in your working directory.
warning: CRLF will be replaced by LF in public_html/kmanimalhealthcare.idealgroups.org/public/assets/img/theme/tim.png.
The file will have its original line endings in your working directory.
warning: CRLF will be replaced by LF in public_html/kmanimalhealthcare.idealgroups.org/public/assets/img/theme/unass.jpg.
The file will have its original line endings in your working directory.
warning: CRLF will be replaced by LF in public_html/kmanimalhealthcare.idealgroups.org/public/assets/img/theme/visa.png.
The file will have its original line endings in your working directory.
warning: CRLF will be replaced by LF in public_html/kmanimalhealthcare.idealgroups.org/public/assets/img/theme/vue.jpg.
The file will have its original line endings in your working directory.
warning: CRLF will be replaced by LF in public_html/kmanimalhealthcare.idealgroups.org/public/images/product_images/1713954499_grosti.png.
The file will have its original line endings in your working directory.
warning: CRLF will be replaced by LF in public_html/kmanimalhealthcare.idealgroups.org/public/images/product_images/1713954601_the-vit-premix-b.png.
The file will have its original line endings in your working directory.
warning: CRLF will be replaced by LF in public_html/kmanimalhealthcare.idealgroups.org/public/images/product_images/1714039943_the-vit-premix-b.png.
The file will have its original line endings in your working directory.
warning: CRLF will be replaced by LF in public_html/kmanimalhealthcare.idealgroups.org/public/images/product_images/1714048616_the-vit-premix-b.png.
The file will have its original line endings in your working directory.
warning: CRLF will be replaced by LF in public_html/kmanimalhealthcare.idealgroups.org/public/images/product_images/1714049704.png.
The file will have its original line endings in your working directory.
warning: CRLF will be replaced by LF in public_html/kmanimalhealthcare.idealgroups.org/public/images/product_images/1714049716.png.
The file will have its original line endings in your working directory.
warning: CRLF will be replaced by LF in public_html/kmanimalhealthcare.idealgroups.org/public/images/product_images/1714050251_the-vit-premix-b.png.
The file will have its original line endings in your working directory.
warning: CRLF will be replaced by LF in public_html/kmanimalhealthcare.idealgroups.org/public/images/product_images/1714051859_the-vit-premix-b.png.
The file will have its original line endings in your working directory.
warning: CRLF will be replaced by LF in public_html/kmanimalhealthcare.idealgroups.org/public/images/product_images/1714052103.png.
The file will have its original line endings in your working directory.
warning: CRLF will be replaced by LF in public_html/kmanimalhealthcare.idealgroups.org/public/images/product_images/1714052103_the-vit-premix-b.png.
The file will have its original line endings in your working directory.
warning: CRLF will be replaced by LF in public_html/kmanimalhealthcare.idealgroups.org/public/images/product_images/1714562237.png.
The file will have its original line endings in your working directory.
warning: CRLF will be replaced by LF in public_html/kmanimalhealthcare.idealgroups.org/public/images/product_images/1714562237_the-vit-premix-b.png.
The file will have its original line endings in your working directory.
warning: CRLF will be replaced by LF in public_html/kmanimalhealthcare.idealgroups.org/public/images/product_images/1714562524.png.
The file will have its original line endings in your working directory.
warning: CRLF will be replaced by LF in public_html/kmanimalhealthcare.idealgroups.org/public/images/product_images/1714563918.png.
The file will have its original line endings in your working directory.
warning: CRLF will be replaced by LF in public_html/kmanimalhealthcare.idealgroups.org/public/images/product_images/1714564107_grosti.png.
The file will have its original line endings in your working directory.
warning: CRLF will be replaced by LF in public_html/kmanimalhealthcare.idealgroups.org/public/images/product_images/1714565730.png.
The file will have its original line endings in your working directory.
warning: CRLF will be replaced by LF in public_html/kmanimalhealthcare.idealgroups.org/public/images/product_images/1731501024.jpg.
The file will have its original line endings in your working directory.
warning: CRLF will be replaced by LF in public_html/kmanimalhealthcare.idealgroups.org/public/images/product_images/1731501024_Biriyani Masala.jpg.
The file will have its original line endings in your working directory.
warning: CRLF will be replaced by LF in public_html/kmanimalhealthcare.idealgroups.org/public/images/product_images/1731501512.jpg.
The file will have its original line endings in your working directory.
warning: CRLF will be replaced by LF in public_html/kmanimalhealthcare.idealgroups.org/public/images/product_images/1731501512_Chiken Masala.jpg.
The file will have its original line endings in your working directory.
warning: CRLF will be replaced by LF in public_html/kmanimalhealthcare.idealgroups.org/public/images/product_images/1731501581.jpg.
The file will have its original line endings in your working directory.
warning: CRLF will be replaced by LF in public_html/kmanimalhealthcare.idealgroups.org/public/images/product_images/1731501581_Coriender Cumin Powder.jpg.
The file will have its original line endings in your working directory.
warning: CRLF will be replaced by LF in public_html/kmanimalhealthcare.idealgroups.org/public/images/product_images/1731501668.jpg.
The file will have its original line endings in your working directory.
warning: CRLF will be replaced by LF in public_html/kmanimalhealthcare.idealgroups.org/public/images/product_images/1731501668_Garam Masala.jpg.
The file will have its original line endings in your working directory.
warning: CRLF will be replaced by LF in public_html/kmanimalhealthcare.idealgroups.org/public/images/product_images/1731501720.jpg.
The file will have its original line endings in your working directory.
warning: CRLF will be replaced by LF in public_html/kmanimalhealthcare.idealgroups.org/public/images/product_images/1731501720_Kitchen King Masala.jpg.
The file will have its original line endings in your working directory.
warning: CRLF will be replaced by LF in public_html/kmanimalhealthcare.idealgroups.org/public/images/product_images/1731501837.jpg.
The file will have its original line endings in your working directory.
warning: CRLF will be replaced by LF in public_html/kmanimalhealthcare.idealgroups.org/public/images/product_images/1731501837_Kitchen King Masala.jpg.
The file will have its original line endings in your working directory.
warning: CRLF will be replaced by LF in public_html/kmanimalhealthcare.idealgroups.org/public/images/product_images/1731501946.jpg.
The file will have its original line endings in your working directory.
warning: CRLF will be replaced by LF in public_html/kmanimalhealthcare.idealgroups.org/public/images/product_images/1731501946_Kumthi Chili.jpg.
The file will have its original line endings in your working directory.
warning: CRLF will be replaced by LF in public_html/kmanimalhealthcare.idealgroups.org/public/images/product_images/1731501999.jpg.
The file will have its original line endings in your working directory.
warning: CRLF will be replaced by LF in public_html/kmanimalhealthcare.idealgroups.org/public/images/product_images/1731501999_Noodles Masala.jpg.
The file will have its original line endings in your working directory.
warning: CRLF will be replaced by LF in public_html/kmanimalhealthcare.idealgroups.org/public/images/product_images/1731502045.jpg.
The file will have its original line endings in your working directory.
warning: CRLF will be replaced by LF in public_html/kmanimalhealthcare.idealgroups.org/public/images/product_images/1731502045_Pasta.jpg.
The file will have its original line endings in your working directory.
warning: CRLF will be replaced by LF in public_html/kmanimalhealthcare.idealgroups.org/public/images/product_images/1731502209.jpg.
The file will have its original line endings in your working directory.
warning: CRLF will be replaced by LF in public_html/kmanimalhealthcare.idealgroups.org/public/images/product_images/1731502209_Patni Chili.jpg.
The file will have its original line endings in your working directory.
warning: CRLF will be replaced by LF in public_html/kmanimalhealthcare.idealgroups.org/public/images/product_images/1731502338.jpg.
The file will have its original line endings in your working directory.
warning: CRLF will be replaced by LF in public_html/kmanimalhealthcare.idealgroups.org/public/images/product_images/1731502338_Pav Bhaji.jpg.
The file will have its original line endings in your working directory.
warning: CRLF will be replaced by LF in public_html/kmanimalhealthcare.idealgroups.org/public/images/product_images/1731505674.jpg.
The file will have its original line endings in your working directory.
warning: CRLF will be replaced by LF in public_html/kmanimalhealthcare.idealgroups.org/public/images/product_images/1731505674_Punjabi Masala.jpg.
The file will have its original line endings in your working directory.
warning: CRLF will be replaced by LF in public_html/kmanimalhealthcare.idealgroups.org/public/images/product_images/1731505741.jpg.
The file will have its original line endings in your working directory.
warning: CRLF will be replaced by LF in public_html/kmanimalhealthcare.idealgroups.org/public/images/product_images/1731505741_Turmeric Powder.jpg.
The file will have its original line endings in your working directory.
warning: CRLF will be replaced by LF in public_html/kmanimalhealthcare.idealgroups.org/public/images/product_varients/1713954499_grosti.png.
The file will have its original line endings in your working directory.
warning: CRLF will be replaced by LF in public_html/kmanimalhealthcare.idealgroups.org/public/images/product_varients/1713954601_the-vit-premix-b.png.
The file will have its original line endings in your working directory.
warning: CRLF will be replaced by LF in public_html/kmanimalhealthcare.idealgroups.org/public/images/product_varients/1714048504_the-vit-premix-b.png.
The file will have its original line endings in your working directory.
warning: CRLF will be replaced by LF in public_html/kmanimalhealthcare.idealgroups.org/public/images/product_varients/1714049716_the-vit-premix-b.png.
The file will have its original line endings in your working directory.
warning: CRLF will be replaced by LF in public_html/kmanimalhealthcare.idealgroups.org/public/images/product_varients/1714050251_the-vit-premix-b.png.
The file will have its original line endings in your working directory.
warning: CRLF will be replaced by LF in public_html/kmanimalhealthcare.idealgroups.org/public/images/product_varients/1714052103_the-vit-premix-b.png.
The file will have its original line endings in your working directory.
warning: CRLF will be replaced by LF in public_html/kmanimalhealthcare.idealgroups.org/public/images/product_varients/1714563918_the-vit-premix-b.png.
The file will have its original line endings in your working directory.
warning: CRLF will be replaced by LF in public_html/kmanimalhealthcare.idealgroups.org/public/images/product_varients/1714564107_the-vit-premix-b.png.
The file will have its original line endings in your working directory.
warning: CRLF will be replaced by LF in public_html/kmanimalhealthcare.idealgroups.org/public/siteassets/fonts/lightcaseeead.eot.
The file will have its original line endings in your working directory.
warning: CRLF will be replaced by LF in public_html/kmanimalhealthcare.idealgroups.org/public/siteassets/fonts/lightcaseeead.ttf.
The file will have its original line endings in your working directory.
warning: CRLF will be replaced by LF in public_html/kmanimalhealthcare.idealgroups.org/public/siteassets/images/404.png.
The file will have its original line endings in your working directory.
warning: CRLF will be replaced by LF in public_html/kmanimalhealthcare.idealgroups.org/public/siteassets/images/45770.jpg.
The file will have its original line endings in your working directory.
warning: CRLF will be replaced by LF in public_html/kmanimalhealthcare.idealgroups.org/public/siteassets/images/about/07.jpg.
The file will have its original line endings in your working directory.
warning: CRLF will be replaced by LF in public_html/kmanimalhealthcare.idealgroups.org/public/siteassets/images/about/history/achievement/01.png.
The file will have its original line endings in your working directory.
warning: CRLF will be replaced by LF in public_html/kmanimalhealthcare.idealgroups.org/public/siteassets/images/about/history/achievement/02.png.
The file will have its original line endings in your working directory.
warning: CRLF will be replaced by LF in public_html/kmanimalhealthcare.idealgroups.org/public/siteassets/images/about/history/achievement/03.png.
The file will have its original line endings in your working directory.
warning: CRLF will be replaced by LF in public_html/kmanimalhealthcare.idealgroups.org/public/siteassets/images/about/history/achievement/04.png.
The file will have its original line endings in your working directory.
warning: CRLF will be replaced by LF in public_html/kmanimalhealthcare.idealgroups.org/public/siteassets/images/about/icon/01.png.
The file will have its original line endings in your working directory.
warning: CRLF will be replaced by LF in public_html/kmanimalhealthcare.idealgroups.org/public/siteassets/images/about/icon/02.png.
The file will have its original line endings in your working directory.
warning: CRLF will be replaced by LF in public_html/kmanimalhealthcare.idealgroups.org/public/siteassets/images/about/icon/03.png.
The file will have its original line endings in your working directory.
warning: CRLF will be replaced by LF in public_html/kmanimalhealthcare.idealgroups.org/public/siteassets/images/banner/bg-images/product_1.png.
The file will have its original line endings in your working directory.
warning: CRLF will be replaced by LF in public_html/kmanimalhealthcare.idealgroups.org/public/siteassets/images/banner/bg-images/product_5.png.
The file will have its original line endings in your working directory.
warning: CRLF will be replaced by LF in public_html/kmanimalhealthcare.idealgroups.org/public/siteassets/images/bg-images/yt-icon.png.
The file will have its original line endings in your working directory.
warning: CRLF will be replaced by LF in public_html/kmanimalhealthcare.idealgroups.org/public/siteassets/images/blog/01.png.
The file will have its original line endings in your working directory.
warning: CRLF will be replaced by LF in public_html/kmanimalhealthcare.idealgroups.org/public/siteassets/images/blog/02.png.
The file will have its original line endings in your working directory.
warning: CRLF will be replaced by LF in public_html/kmanimalhealthcare.idealgroups.org/public/siteassets/images/blog/03.png.
The file will have its original line endings in your working directory.
warning: CRLF will be replaced by LF in public_html/kmanimalhealthcare.idealgroups.org/public/siteassets/images/blog/author.png.
The file will have its original line endings in your working directory.
warning: CRLF will be replaced by LF in public_html/kmanimalhealthcare.idealgroups.org/public/siteassets/images/blog/author2.png.
The file will have its original line endings in your working directory.
warning: CRLF will be replaced by LF in public_html/kmanimalhealthcare.idealgroups.org/public/siteassets/images/chicken-liver.jpg.
The file will have its original line endings in your working directory.
warning: CRLF will be replaced by LF in public_html/kmanimalhealthcare.idealgroups.org/public/siteassets/images/del.png.
The file will have its original line endings in your working directory.
warning: CRLF will be replaced by LF in public_html/kmanimalhealthcare.idealgroups.org/public/siteassets/images/favicon.png.
The file will have its original line endings in your working directory.
warning: CRLF will be replaced by LF in public_html/kmanimalhealthcare.idealgroups.org/public/siteassets/images/feature/01.png.
The file will have its original line endings in your working directory.
warning: CRLF will be replaced by LF in public_html/kmanimalhealthcare.idealgroups.org/public/siteassets/images/feature/02.png.
The file will have its original line endings in your working directory.
warning: CRLF will be replaced by LF in public_html/kmanimalhealthcare.idealgroups.org/public/siteassets/images/feature/03.png.
The file will have its original line endings in your working directory.
warning: CRLF will be replaced by LF in public_html/kmanimalhealthcare.idealgroups.org/public/siteassets/images/feature/04.png.
The file will have its original line endings in your working directory.
warning: CRLF will be replaced by LF in public_html/kmanimalhealthcare.idealgroups.org/public/siteassets/images/feature/05.png.
The file will have its original line endings in your working directory.
warning: CRLF will be replaced by LF in public_html/kmanimalhealthcare.idealgroups.org/public/siteassets/images/feature/06.png.
The file will have its original line endings in your working directory.
warning: CRLF will be replaced by LF in public_html/kmanimalhealthcare.idealgroups.org/public/siteassets/images/feature/07.png.
The file will have its original line endings in your working directory.
warning: CRLF will be replaced by LF in public_html/kmanimalhealthcare.idealgroups.org/public/siteassets/images/feature/08.png.
The file will have its original line endings in your working directory.
warning: CRLF will be replaced by LF in public_html/kmanimalhealthcare.idealgroups.org/public/siteassets/images/gallery/05.jpg.
The file will have its original line endings in your working directory.
warning: CRLF will be replaced by LF in public_html/kmanimalhealthcare.idealgroups.org/public/siteassets/images/gallery/06.jpg.
The file will have its original line endings in your working directory.
warning: CRLF will be replaced by LF in public_html/kmanimalhealthcare.idealgroups.org/public/siteassets/images/gallery/mason/01.jpg.
The file will have its original line endings in your working directory.
warning: CRLF will be replaced by LF in public_html/kmanimalhealthcare.idealgroups.org/public/siteassets/images/gallery/mason/04.jpg.
The file will have its original line endings in your working directory.
warning: CRLF will be replaced by LF in public_html/kmanimalhealthcare.idealgroups.org/public/siteassets/images/gallery/mason/05.jpg.
The file will have its original line endings in your working directory.
warning: CRLF will be replaced by LF in public_html/kmanimalhealthcare.idealgroups.org/public/siteassets/images/gallery/mason/06.jpg.
The file will have its original line endings in your working directory.
warning: CRLF will be replaced by LF in public_html/kmanimalhealthcare.idealgroups.org/public/siteassets/images/gallery/mason/08.jpg.
The file will have its original line endings in your working directory.
warning: CRLF will be replaced by LF in public_html/kmanimalhealthcare.idealgroups.org/public/siteassets/images/header/01.png.
The file will have its original line endings in your working directory.
warning: CRLF will be replaced by LF in public_html/kmanimalhealthcare.idealgroups.org/public/siteassets/images/header/02.png.
The file will have its original line endings in your working directory.
warning: CRLF will be replaced by LF in public_html/kmanimalhealthcare.idealgroups.org/public/siteassets/images/header/03.png.
The file will have its original line endings in your working directory.
warning: CRLF will be replaced by LF in public_html/kmanimalhealthcare.idealgroups.org/public/siteassets/images/hen-icon-old.png.
The file will have its original line endings in your working directory.
warning: CRLF will be replaced by LF in public_html/kmanimalhealthcare.idealgroups.org/public/siteassets/images/hen-icon.png.
The file will have its original line endings in your working directory.
warning: CRLF will be replaced by LF in public_html/kmanimalhealthcare.idealgroups.org/public/siteassets/images/klite-02.png.
The file will have its original line endings in your working directory.
warning: CRLF will be replaced by LF in public_html/kmanimalhealthcare.idealgroups.org/public/siteassets/images/klite-03.png.
The file will have its original line endings in your working directory.
warning: CRLF will be replaced by LF in public_html/kmanimalhealthcare.idealgroups.org/public/siteassets/images/km-healthcare-logo-white.png.
The file will have its original line endings in your working directory.
warning: CRLF will be replaced by LF in public_html/kmanimalhealthcare.idealgroups.org/public/siteassets/images/km-healthcare-logo.png.
The file will have its original line endings in your working directory.
warning: CRLF will be replaced by LF in public_html/kmanimalhealthcare.idealgroups.org/public/siteassets/images/product/03.jpg.
The file will have its original line endings in your working directory.
warning: CRLF will be replaced by LF in public_html/kmanimalhealthcare.idealgroups.org/public/siteassets/images/product/04.jpg.
The file will have its original line endings in your working directory.
warning: CRLF will be replaced by LF in public_html/kmanimalhealthcare.idealgroups.org/public/siteassets/images/product/06.jpg.
The file will have its original line endings in your working directory.
warning: CRLF will be replaced by LF in public_html/kmanimalhealthcare.idealgroups.org/public/siteassets/images/products/grosti.png.
The file will have its original line endings in your working directory.
warning: CRLF will be replaced by LF in public_html/kmanimalhealthcare.idealgroups.org/public/siteassets/images/products/product/01.png.
The file will have its original line endings in your working directory.
warning: CRLF will be replaced by LF in public_html/kmanimalhealthcare.idealgroups.org/public/siteassets/images/products/product/02.png.
The file will have its original line endings in your working directory.
warning: CRLF will be replaced by LF in public_html/kmanimalhealthcare.idealgroups.org/public/siteassets/images/products/product/03.png.
The file will have its original line endings in your working directory.
warning: CRLF will be replaced by LF in public_html/kmanimalhealthcare.idealgroups.org/public/siteassets/images/products/product/04.png.
The file will have its original line endings in your working directory.
warning: CRLF will be replaced by LF in public_html/kmanimalhealthcare.idealgroups.org/public/siteassets/images/products/product/05.png.
The file will have its original line endings in your working directory.
warning: CRLF will be replaced by LF in public_html/kmanimalhealthcare.idealgroups.org/public/siteassets/images/products/product/06.png.
The file will have its original line endings in your working directory.
warning: CRLF will be replaced by LF in public_html/kmanimalhealthcare.idealgroups.org/public/siteassets/images/products/the-vit-premix-b.png.
The file will have its original line endings in your working directory.
warning: CRLF will be replaced by LF in public_html/kmanimalhealthcare.idealgroups.org/public/siteassets/images/products/the-vit-premix-l.png.
The file will have its original line endings in your working directory.
warning: CRLF will be replaced by LF in public_html/kmanimalhealthcare.idealgroups.org/public/siteassets/images/service/01.png.
The file will have its original line endings in your working directory.
warning: CRLF will be replaced by LF in public_html/kmanimalhealthcare.idealgroups.org/public/siteassets/images/service/02.png.
The file will have its original line endings in your working directory.
warning: CRLF will be replaced by LF in public_html/kmanimalhealthcare.idealgroups.org/public/siteassets/images/service/03.png.
The file will have its original line endings in your working directory.
warning: CRLF will be replaced by LF in public_html/kmanimalhealthcare.idealgroups.org/public/siteassets/images/service/04.png.
The file will have its original line endings in your working directory.
warning: CRLF will be replaced by LF in public_html/kmanimalhealthcare.idealgroups.org/public/siteassets/images/service/05.png.
The file will have its original line endings in your working directory.
warning: CRLF will be replaced by LF in public_html/kmanimalhealthcare.idealgroups.org/public/siteassets/images/service/06.png.
The file will have its original line endings in your working directory.
warning: CRLF will be replaced by LF in public_html/kmanimalhealthcare.idealgroups.org/public/siteassets/images/shape-img/01.png.
The file will have its original line endings in your working directory.
warning: CRLF will be replaced by LF in public_html/kmanimalhealthcare.idealgroups.org/public/siteassets/images/slider/slider03.jpg.
The file will have its original line endings in your working directory.
warning: CRLF will be replaced by LF in public_html/kmanimalhealthcare.idealgroups.org/public/siteassets/images/sponsor/01.png.
The file will have its original line endings in your working directory.
warning: CRLF will be replaced by LF in public_html/kmanimalhealthcare.idealgroups.org/public/siteassets/images/sponsor/02.png.
The file will have its original line endings in your working directory.
warning: CRLF will be replaced by LF in public_html/kmanimalhealthcare.idealgroups.org/public/siteassets/images/sponsor/03.png.
The file will have its original line endings in your working directory.
warning: CRLF will be replaced by LF in public_html/kmanimalhealthcare.idealgroups.org/public/siteassets/images/sponsor/04.png.
The file will have its original line endings in your working directory.
warning: CRLF will be replaced by LF in public_html/kmanimalhealthcare.idealgroups.org/public/siteassets/images/sponsor/05.png.
The file will have its original line endings in your working directory.
warning: CRLF will be replaced by LF in public_html/kmanimalhealthcare.idealgroups.org/public/siteassets/images/team/01.jpg.
The file will have its original line endings in your working directory.
warning: CRLF will be replaced by LF in public_html/kmanimalhealthcare.idealgroups.org/public/siteassets/images/team/02.jpg.
The file will have its original line endings in your working directory.
warning: CRLF will be replaced by LF in public_html/kmanimalhealthcare.idealgroups.org/public/siteassets/images/team/04.jpg.
The file will have its original line endings in your working directory.
warning: CRLF will be replaced by LF in public_html/kmanimalhealthcare.idealgroups.org/public/siteassets/images/testimonial/q1.png.
The file will have its original line endings in your working directory.
warning: CRLF will be replaced by LF in public_html/kmanimalhealthcare.idealgroups.org/public/siteassets/images/testimonial/q2.png.
The file will have its original line endings in your working directory.
warning: CRLF will be replaced by LF in public_html/kmanimalhealthcare.idealgroups.org/public/siteassets/images/x-icon/01.png.
The file will have its original line endings in your working directory.
warning: CRLF will be replaced by LF in public_html/kmanimalhealthcare.idealgroups.org/public/siteassets/webfonts/fa-brands-400.eot.
The file will have its original line endings in your working directory.
warning: CRLF will be replaced by LF in public_html/kmanimalhealthcare.idealgroups.org/public/siteassets/webfonts/fa-brands-400.ttf.
The file will have its original line endings in your working directory.
warning: CRLF will be replaced by LF in public_html/kmanimalhealthcare.idealgroups.org/public/siteassets/webfonts/fa-brands-400.woff.
The file will have its original line endings in your working directory.
warning: CRLF will be replaced by LF in public_html/kmanimalhealthcare.idealgroups.org/public/siteassets/webfonts/fa-brands-400.woff2.
The file will have its original line endings in your working directory.
warning: CRLF will be replaced by LF in public_html/kmanimalhealthcare.idealgroups.org/public/siteassets/webfonts/fa-brands-400d41d.eot.
The file will have its original line endings in your working directory.
warning: CRLF will be replaced by LF in public_html/kmanimalhealthcare.idealgroups.org/public/siteassets/webfonts/fa-regular-400.eot.
The file will have its original line endings in your working directory.
warning: CRLF will be replaced by LF in public_html/kmanimalhealthcare.idealgroups.org/public/siteassets/webfonts/fa-regular-400.ttf.
The file will have its original line endings in your working directory.
warning: CRLF will be replaced by LF in public_html/kmanimalhealthcare.idealgroups.org/public/siteassets/webfonts/fa-regular-400.woff.
The file will have its original line endings in your working directory.
warning: CRLF will be replaced by LF in public_html/kmanimalhealthcare.idealgroups.org/public/siteassets/webfonts/fa-regular-400d41d.eot.
The file will have its original line endings in your working directory.
warning: CRLF will be replaced by LF in public_html/kmanimalhealthcare.idealgroups.org/public/siteassets/webfonts/fa-solid-900.eot.
The file will have its original line endings in your working directory.
warning: CRLF will be replaced by LF in public_html/kmanimalhealthcare.idealgroups.org/public/siteassets/webfonts/fa-solid-900.ttf.
The file will have its original line endings in your working directory.
warning: CRLF will be replaced by LF in public_html/kmanimalhealthcare.idealgroups.org/public/siteassets/webfonts/fa-solid-900.woff.
The file will have its original line endings in your working directory.
warning: CRLF will be replaced by LF in public_html/kmanimalhealthcare.idealgroups.org/public/siteassets/webfonts/fa-solid-900.woff2.
The file will have its original line endings in your working directory.
warning: CRLF will be replaced by LF in public_html/kmanimalhealthcare.idealgroups.org/public/siteassets/webfonts/fa-solid-900d41d.eot.
The file will have its original line endings in your working directory.
warning: CRLF will be replaced by LF in public_html/digicard/.htaccess.
The file will have its original line endings in your working directory.
warning: CRLF will be replaced by LF in public_html/digicard/.htaccess.phpupgrader.b83e2086.
The file will have its original line endings in your working directory.
warning: CRLF will be replaced by LF in public_html/digicard/.htaccess.phpupgrader.f805bbf4.
The file will have its original line endings in your working directory.
warning: CRLF will be replaced by LF in public_html/digicard/.htaccess.phpupgrader.initial.
The file will have its original line endings in your working directory.
warning: CRLF will be replaced by LF in public_html/digicard/database/ideal_group_updated.sql.
The file will have its original line endings in your working directory.
warning: CRLF will be replaced by LF in public_html/digicard/resources/views/Page-not-found/index.blade.php.
The file will have its original line endings in your working directory.
warning: CRLF will be replaced by LF in public_html/digicard/resources/views/alert.blade.php.
The file will have its original line endings in your working directory.
warning: CRLF will be replaced by LF in public_html/digicard/resources/views/contact/index.blade.php.
The file will have its original line endings in your working directory.
warning: CRLF will be replaced by LF in public_html/digicard/resources/views/delete_model.blade.php.
The file will have its original line endings in your working directory.
warning: CRLF will be replaced by LF in public_html/digicard/resources/views/inquiry/index.blade.php.
The file will have its original line endings in your working directory.
warning: CRLF will be replaced by LF in public_html/digicard/resources/views/links/index.blade.php.
The file will have its original line endings in your working directory.
warning: CRLF will be replaced by LF in public_html/digicard/resources/views/payment/create-edit.blade.php.
The file will have its original line endings in your working directory.
warning: CRLF will be replaced by LF in public_html/digicard/resources/views/services/create-edit.blade.php.
The file will have its original line endings in your working directory.
warning: CRLF will be replaced by LF in public_html/digicard/resources/views/super-admin/create-edit.blade.php.
The file will have its original line endings in your working directory.
warning: CRLF will be replaced by LF in public_html/digicard/resources/views/testimonials/create-edit.blade.php.
The file will have its original line endings in your working directory.
warning: CRLF will be replaced by LF in public_html/digicard/resources/views/user-not-found.blade.php.
The file will have its original line endings in your working directory.
warning: CRLF will be replaced by LF in public_html/digicard/resources/views/videos/create-edit.blade.php.
The file will have its original line endings in your working directory.
warning: CRLF will be replaced by LF in public_html/digicard/style.css.
The file will have its original line endings in your working directory.
warning: CRLF will be replaced by LF in public_html/kmanimalhealthcare.idealgroups.org/public/app/assets/fonts/nucleo-icons.eot.
The file will have its original line endings in your working directory.
warning: CRLF will be replaced by LF in public_html/kmanimalhealthcare.idealgroups.org/public/app/assets/fonts/nucleo-icons.ttf.
The file will have its original line endings in your working directory.
warning: CRLF will be replaced by LF in public_html/kmanimalhealthcare.idealgroups.org/public/app/assets/fonts/nucleo-icons.woff.
The file will have its original line endings in your working directory.
warning: CRLF will be replaced by LF in public_html/kmanimalhealthcare.idealgroups.org/public/app/assets/fonts/nucleo.eot.
The file will have its original line endings in your working directory.
warning: CRLF will be replaced by LF in public_html/kmanimalhealthcare.idealgroups.org/public/app/assets/fonts/nucleo.ttf.
The file will have its original line endings in your working directory.
warning: CRLF will be replaced by LF in public_html/kmanimalhealthcare.idealgroups.org/public/app/assets/img/3d-cube.png.
The file will have its original line endings in your working directory.
warning: CRLF will be replaced by LF in public_html/kmanimalhealthcare.idealgroups.org/public/app/assets/img/apple-icon.png.
The file will have its original line endings in your working directory.
warning: CRLF will be replaced by LF in public_html/kmanimalhealthcare.idealgroups.org/public/app/assets/img/bg1.jpg.
The file will have its original line endings in your working directory.
warning: CRLF will be replaced by LF in public_html/kmanimalhealthcare.idealgroups.org/public/app/assets/img/curved-images/img-6.jpg.
The file will have its original line endings in your working directory.
warning: CRLF will be replaced by LF in public_html/kmanimalhealthcare.idealgroups.org/public/app/assets/img/curved-images/img-7.jpg.
The file will have its original line endings in your working directory.
warning: CRLF will be replaced by LF in public_html/kmanimalhealthcare.idealgroups.org/public/app/assets/img/default-avatar.png.
The file will have its original line endings in your working directory.
warning: CRLF will be replaced by LF in public_html/kmanimalhealthcare.idealgroups.org/public/app/assets/img/favicon.png.
The file will have its original line endings in your working directory.
warning: CRLF will be replaced by LF in public_html/kmanimalhealthcare.idealgroups.org/public/app/assets/img/header-blue-purple.jpg.
The file will have its original line endings in your working directory.
warning: CRLF will be replaced by LF in public_html/kmanimalhealthcare.idealgroups.org/public/app/assets/img/header-orange-purple.jpg.
The file will have its original line endings in your working directory.
warning: CRLF will be replaced by LF in public_html/kmanimalhealthcare.idealgroups.org/public/app/assets/img/image-sign-in.jpg.
The file will have its original line endings in your working directory.
warning: CRLF will be replaced by LF in public_html/kmanimalhealthcare.idealgroups.org/public/app/assets/img/img-2.jpg.
The file will have its original line endings in your working directory.
warning: CRLF will be replaced by LF in public_html/kmanimalhealthcare.idealgroups.org/public/app/assets/img/img-3.jpg.
The file will have its original line endings in your working directory.
warning: CRLF will be replaced by LF in public_html/kmanimalhealthcare.idealgroups.org/public/app/assets/img/img-4.jpg.
The file will have its original line endings in your working directory.
warning: CRLF will be replaced by LF in public_html/kmanimalhealthcare.idealgroups.org/public/app/assets/img/img-5.jpg.
The file will have its original line endings in your working directory.
warning: CRLF will be replaced by LF in public_html/kmanimalhealthcare.idealgroups.org/public/app/assets/img/img-8.jpg.
The file will have its original line endings in your working directory.
warning: CRLF will be replaced by LF in public_html/kmanimalhealthcare.idealgroups.org/public/app/assets/img/img-9.jpg.
The file will have its original line endings in your working directory.
warning: CRLF will be replaced by LF in public_html/kmanimalhealthcare.idealgroups.org/public/app/assets/img/logo-ct-dark.png.
The file will have its original line endings in your working directory.
warning: CRLF will be replaced by LF in public_html/kmanimalhealthcare.idealgroups.org/public/app/assets/img/logo-ct.png.
The file will have its original line endings in your working directory.
warning: CRLF will be replaced by LF in public_html/kmanimalhealthcare.idealgroups.org/public/app/assets/img/logos/mastercard-white.png.
The file will have its original line endings in your working directory.
warning: CRLF will be replaced by LF in public_html/kmanimalhealthcare.idealgroups.org/public/app/assets/img/logos/mastercard.png.
The file will have its original line endings in your working directory.
warning: CRLF will be replaced by LF in public_html/kmanimalhealthcare.idealgroups.org/public/app/assets/img/logos/visa-white.png.
The file will have its original line endings in your working directory.
warning: CRLF will be replaced by LF in public_html/kmanimalhealthcare.idealgroups.org/public/app/assets/img/logos/visa.png.
The file will have its original line endings in your working directory.
warning: CRLF will be replaced by LF in public_html/kmanimalhealthcare.idealgroups.org/public/app/assets/img/logos/wifi-white.png.
The file will have its original line endings in your working directory.
warning: CRLF will be replaced by LF in public_html/kmanimalhealthcare.idealgroups.org/public/app/assets/img/small-logos/icon-sun-cloud.png.
The file will have its original line endings in your working directory.
warning: CRLF will be replaced by LF in public_html/kmanimalhealthcare.idealgroups.org/public/app/assets/img/team-1.jpg.
The file will have its original line endings in your working directory.
warning: CRLF will be replaced by LF in public_html/kmanimalhealthcare.idealgroups.org/public/app/assets/img/team-2.jpg.
The file will have its original line endings in your working directory.
warning: CRLF will be replaced by LF in public_html/kmanimalhealthcare.idealgroups.org/public/app/assets/img/team-3.jpg.
The file will have its original line endings in your working directory.
warning: CRLF will be replaced by LF in public_html/kmanimalhealthcare.idealgroups.org/public/app/assets/img/team-4.jpg.
The file will have its original line endings in your working directory.
warning: CRLF will be replaced by LF in public_html/kmanimalhealthcare.idealgroups.org/public/app/assets/img/theme/angular.jpg.
The file will have its original line endings in your working directory.
warning: CRLF will be replaced by LF in public_html/kmanimalhealthcare.idealgroups.org/public/app/assets/img/theme/bootstrap.jpg.
The file will have its original line endings in your working directory.
warning: CRLF will be replaced by LF in public_html/kmanimalhealthcare.idealgroups.org/public/app/assets/img/theme/dribbble.png.
The file will have its original line endings in your working directory.
warning: CRLF will be replaced by LF in public_html/kmanimalhealthcare.idealgroups.org/public/app/assets/img/theme/dropbox.png.
The file will have its original line endings in your working directory.
warning: CRLF will be replaced by LF in public_html/kmanimalhealthcare.idealgroups.org/public/app/assets/img/theme/mastercard.png.
The file will have its original line endings in your working directory.
warning: CRLF will be replaced by LF in public_html/kmanimalhealthcare.idealgroups.org/public/app/assets/img/theme/paypal.png.
The file will have its original line endings in your working directory.
warning: CRLF will be replaced by LF in public_html/kmanimalhealthcare.idealgroups.org/public/app/assets/img/theme/react.jpg.
The file will have its original line endings in your working directory.
warning: CRLF will be replaced by LF in public_html/kmanimalhealthcare.idealgroups.org/public/app/assets/img/theme/sketch.jpg.
The file will have its original line endings in your working directory.
warning: CRLF will be replaced by LF in public_html/kmanimalhealthcare.idealgroups.org/public/app/assets/img/theme/slack.png.
The file will have its original line endings in your working directory.
warning: CRLF will be replaced by LF in public_html/kmanimalhealthcare.idealgroups.org/public/app/assets/img/theme/tim.png.
The file will have its original line endings in your working directory.
warning: CRLF will be replaced by LF in public_html/kmanimalhealthcare.idealgroups.org/public/app/assets/img/theme/unass.jpg.
The file will have its original line endings in your working directory.
warning: CRLF will be replaced by LF in public_html/kmanimalhealthcare.idealgroups.org/public/app/assets/img/theme/visa.png.
The file will have its original line endings in your working directory.
warning: CRLF will be replaced by LF in public_html/kmanimalhealthcare.idealgroups.org/public/app/assets/img/theme/vue.jpg.
The file will have its original line endings in your working directory.
warning: CRLF will be replaced by LF in public_html/kmanimalhealthcare.idealgroups.org/public/app/assets/img/thumbnail-free.jpg.
The file will have its original line endings in your working directory.
warning: CRLF will be replaced by LF in public_html/kmanimalhealthcare.idealgroups.org/public/assets/fonts/nucleo-icons.eot.
The file will have its original line endings in your working directory.
warning: CRLF will be replaced by LF in public_html/kmanimalhealthcare.idealgroups.org/public/assets/fonts/nucleo-icons.ttf.
The file will have its original line endings in your working directory.
warning: CRLF will be replaced by LF in public_html/kmanimalhealthcare.idealgroups.org/public/assets/fonts/nucleo-icons.woff.
The file will have its original line endings in your working directory.
warning: CRLF will be replaced by LF in public_html/kmanimalhealthcare.idealgroups.org/public/assets/fonts/nucleo.eot.
The file will have its original line endings in your working directory.
warning: CRLF will be replaced by LF in public_html/kmanimalhealthcare.idealgroups.org/public/assets/fonts/nucleo.ttf.
The file will have its original line endings in your working directory.
warning: CRLF will be replaced by LF in public_html/kmanimalhealthcare.idealgroups.org/public/assets/img/3d-cube.png.
The file will have its original line endings in your working directory.
warning: CRLF will be replaced by LF in public_html/kmanimalhealthcare.idealgroups.org/public/assets/img/apple-icon.png.
The file will have its original line endings in your working directory.
warning: CRLF will be replaced by LF in public_html/kmanimalhealthcare.idealgroups.org/public/assets/img/bg1.jpg.
The file will have its original line endings in your working directory.
warning: CRLF will be replaced by LF in public_html/kmanimalhealthcare.idealgroups.org/public/assets/img/curved-images/img-6.jpg.
The file will have its original line endings in your working directory.
warning: CRLF will be replaced by LF in public_html/kmanimalhealthcare.idealgroups.org/public/assets/img/curved-images/img-7.jpg.
The file will have its original line endings in your working directory.
warning: CRLF will be replaced by LF in public_html/kmanimalhealthcare.idealgroups.org/public/assets/img/default-avatar.png.
The file will have its original line endings in your working directory.
warning: CRLF will be replaced by LF in public_html/kmanimalhealthcare.idealgroups.org/public/assets/img/favicon.png.
The file will have its original line endings in your working directory.
warning: CRLF will be replaced by LF in public_html/kmanimalhealthcare.idealgroups.org/public/assets/img/header-blue-purple.jpg.
The file will have its original line endings in your working directory.
warning: CRLF will be replaced by LF in public_html/kmanimalhealthcare.idealgroups.org/public/assets/img/header-orange-purple.jpg.
The file will have its original line endings in your working directory.
warning: CRLF will be replaced by LF in public_html/kmanimalhealthcare.idealgroups.org/public/assets/img/image-sign-in.jpg.
The file will have its original line endings in your working directory.
warning: CRLF will be replaced by LF in public_html/kmanimalhealthcare.idealgroups.org/public/assets/img/img-2.jpg.
The file will have its original line endings in your working directory.
warning: CRLF will be replaced by LF in public_html/kmanimalhealthcare.idealgroups.org/public/assets/img/img-3.jpg.
The file will have its original line endings in your working directory.
warning: CRLF will be replaced by LF in public_html/kmanimalhealthcare.idealgroups.org/public/assets/img/img-4.jpg.
The file will have its original line endings in your working directory.
warning: CRLF will be replaced by LF in public_html/kmanimalhealthcare.idealgroups.org/public/assets/img/img-5.jpg.
The file will have its original line endings in your working directory.
warning: CRLF will be replaced by LF in public_html/kmanimalhealthcare.idealgroups.org/public/assets/img/img-8.jpg.
The file will have its original line endings in your working directory.
warning: CRLF will be replaced by LF in public_html/kmanimalhealthcare.idealgroups.org/public/assets/img/img-9.jpg.
The file will have its original line endings in your working directory.
warning: CRLF will be replaced by LF in public_html/kmanimalhealthcare.idealgroups.org/public/assets/img/logo-ct-dark.png.
The file will have its original line endings in your working directory.
warning: CRLF will be replaced by LF in public_html/kmanimalhealthcare.idealgroups.org/public/assets/img/logo-ct.png.
The file will have its original line endings in your working directory.
warning: CRLF will be replaced by LF in public_html/kmanimalhealthcare.idealgroups.org/public/assets/img/logos/mastercard-white.png.
The file will have its original line endings in your working directory.
warning: CRLF will be replaced by LF in public_html/kmanimalhealthcare.idealgroups.org/public/assets/img/logos/mastercard.png.
The file will have its original line endings in your working directory.
warning: CRLF will be replaced by LF in public_html/kmanimalhealthcare.idealgroups.org/public/assets/img/logos/visa-white.png.
The file will have its original line endings in your working directory.
warning: CRLF will be replaced by LF in public_html/kmanimalhealthcare.idealgroups.org/public/assets/img/logos/visa.png.
The file will have its original line endings in your working directory.
warning: CRLF will be replaced by LF in public_html/kmanimalhealthcare.idealgroups.org/public/assets/img/logos/wifi-white.png.
The file will have its original line endings in your working directory.
warning: CRLF will be replaced by LF in public_html/kmanimalhealthcare.idealgroups.org/public/assets/img/small-logos/icon-sun-cloud.png.
The file will have its original line endings in your working directory.
warning: CRLF will be replaced by LF in public_html/kmanimalhealthcare.idealgroups.org/public/assets/img/team-1.jpg.
The file will have its original line endings in your working directory.
warning: CRLF will be replaced by LF in public_html/kmanimalhealthcare.idealgroups.org/public/assets/img/team-2.jpg.
The file will have its original line endings in your working directory.
warning: CRLF will be replaced by LF in public_html/kmanimalhealthcare.idealgroups.org/public/assets/img/team-3.jpg.
The file will have its original line endings in your working directory.
warning: CRLF will be replaced by LF in public_html/kmanimalhealthcare.idealgroups.org/public/assets/img/team-4.jpg.
The file will have its original line endings in your working directory.
warning: CRLF will be replaced by LF in public_html/kmanimalhealthcare.idealgroups.org/public/assets/img/theme/angular.jpg.
The file will have its original line endings in your working directory.
warning: CRLF will be replaced by LF in public_html/kmanimalhealthcare.idealgroups.org/public/assets/img/theme/bootstrap.jpg.
The file will have its original line endings in your working directory.
warning: CRLF will be replaced by LF in public_html/kmanimalhealthcare.idealgroups.org/public/assets/img/theme/dribbble.png.
The file will have its original line endings in your working directory.
warning: CRLF will be replaced by LF in public_html/kmanimalhealthcare.idealgroups.org/public/assets/img/theme/dropbox.png.
The file will have its original line endings in your working directory.
warning: CRLF will be replaced by LF in public_html/kmanimalhealthcare.idealgroups.org/public/assets/img/theme/mastercard.png.
The file will have its original line endings in your working directory.
warning: CRLF will be replaced by LF in public_html/kmanimalhealthcare.idealgroups.org/public/assets/img/theme/paypal.png.
The file will have its original line endings in your working directory.
warning: CRLF will be replaced by LF in public_html/kmanimalhealthcare.idealgroups.org/public/assets/img/theme/react.jpg.
The file will have its original line endings in your working directory.
warning: CRLF will be replaced by LF in public_html/kmanimalhealthcare.idealgroups.org/public/assets/img/theme/sketch.jpg.
The file will have its original line endings in your working directory.
warning: CRLF will be replaced by LF in public_html/kmanimalhealthcare.idealgroups.org/public/assets/img/theme/slack.png.
The file will have its original line endings in your working directory.
warning: CRLF will be replaced by LF in public_html/kmanimalhealthcare.idealgroups.org/public/assets/img/theme/tim.png.
The file will have its original line endings in your working directory.
warning: CRLF will be replaced by LF in public_html/kmanimalhealthcare.idealgroups.org/public/assets/img/theme/unass.jpg.
The file will have its original line endings in your working directory.
warning: CRLF will be replaced by LF in public_html/kmanimalhealthcare.idealgroups.org/public/assets/img/theme/visa.png.
The file will have its original line endings in your working directory.
warning: CRLF will be replaced by LF in public_html/kmanimalhealthcare.idealgroups.org/public/assets/img/theme/vue.jpg.
The file will have its original line endings in your working directory.
warning: CRLF will be replaced by LF in public_html/kmanimalhealthcare.idealgroups.org/public/assets/img/thumbnail-free.jpg.
The file will have its original line endings in your working directory.
warning: CRLF will be replaced by LF in public_html/kmanimalhealthcare.idealgroups.org/public/images/product_images/1713954047_stresso-lite.png.
The file will have its original line endings in your working directory.
warning: CRLF will be replaced by LF in public_html/kmanimalhealthcare.idealgroups.org/public/images/product_images/1713954185_km-tonic.png.
The file will have its original line endings in your working directory.
warning: CRLF will be replaced by LF in public_html/kmanimalhealthcare.idealgroups.org/public/images/product_images/1713954499_grosti.png.
The file will have its original line endings in your working directory.
warning: CRLF will be replaced by LF in public_html/kmanimalhealthcare.idealgroups.org/public/images/product_images/1713954601_the-vit-premix-b.png.
The file will have its original line endings in your working directory.
warning: CRLF will be replaced by LF in public_html/kmanimalhealthcare.idealgroups.org/public/images/product_images/1714039943_km-tonic.png.
The file will have its original line endings in your working directory.
warning: CRLF will be replaced by LF in public_html/kmanimalhealthcare.idealgroups.org/public/images/product_images/1714039943_stresso-lite.png.
The file will have its original line endings in your working directory.
warning: CRLF will be replaced by LF in public_html/kmanimalhealthcare.idealgroups.org/public/images/product_images/1714039943_the-vit-premix-b.png.
The file will have its original line endings in your working directory.
warning: CRLF will be replaced by LF in public_html/kmanimalhealthcare.idealgroups.org/public/images/product_images/1714048504_km-tonic.png.
The file will have its original line endings in your working directory.
warning: CRLF will be replaced by LF in public_html/kmanimalhealthcare.idealgroups.org/public/images/product_images/1714048504_stresso-lite.png.
The file will have its original line endings in your working directory.
warning: CRLF will be replaced by LF in public_html/kmanimalhealthcare.idealgroups.org/public/images/product_images/1714048616_stresso-lite.png.
The file will have its original line endings in your working directory.
warning: CRLF will be replaced by LF in public_html/kmanimalhealthcare.idealgroups.org/public/images/product_images/1714048616_the-vit-premix-b.png.
The file will have its original line endings in your working directory.
warning: CRLF will be replaced by LF in public_html/kmanimalhealthcare.idealgroups.org/public/images/product_images/1714049704.png.
The file will have its original line endings in your working directory.
warning: CRLF will be replaced by LF in public_html/kmanimalhealthcare.idealgroups.org/public/images/product_images/1714049716.png.
The file will have its original line endings in your working directory.
warning: CRLF will be replaced by LF in public_html/kmanimalhealthcare.idealgroups.org/public/images/product_images/1714049716_km-tonic.png.
The file will have its original line endings in your working directory.
warning: CRLF will be replaced by LF in public_html/kmanimalhealthcare.idealgroups.org/public/images/product_images/1714049716_stresso-lite.png.
The file will have its original line endings in your working directory.
warning: CRLF will be replaced by LF in public_html/kmanimalhealthcare.idealgroups.org/public/images/product_images/1714050251.png.
The file will have its original line endings in your working directory.
warning: CRLF will be replaced by LF in public_html/kmanimalhealthcare.idealgroups.org/public/images/product_images/1714050251_stresso-lite.png.
The file will have its original line endings in your working directory.
warning: CRLF will be replaced by LF in public_html/kmanimalhealthcare.idealgroups.org/public/images/product_images/1714050251_the-vit-premix-b.png.
The file will have its original line endings in your working directory.
warning: CRLF will be replaced by LF in public_html/kmanimalhealthcare.idealgroups.org/public/images/product_images/1714051859.png.
The file will have its original line endings in your working directory.
warning: CRLF will be replaced by LF in public_html/kmanimalhealthcare.idealgroups.org/public/images/product_images/1714051859_stresso-lite.png.
The file will have its original line endings in your working directory.
warning: CRLF will be replaced by LF in public_html/kmanimalhealthcare.idealgroups.org/public/images/product_images/1714051859_the-vit-premix-b.png.
The file will have its original line endings in your working directory.
warning: CRLF will be replaced by LF in public_html/kmanimalhealthcare.idealgroups.org/public/images/product_images/1714052103.png.
The file will have its original line endings in your working directory.
warning: CRLF will be replaced by LF in public_html/kmanimalhealthcare.idealgroups.org/public/images/product_images/1714052103_stresso-lite.png.
The file will have its original line endings in your working directory.
warning: CRLF will be replaced by LF in public_html/kmanimalhealthcare.idealgroups.org/public/images/product_images/1714052103_the-vit-premix-b.png.
The file will have its original line endings in your working directory.
warning: CRLF will be replaced by LF in public_html/kmanimalhealthcare.idealgroups.org/public/images/product_images/1714562237.png.
The file will have its original line endings in your working directory.
warning: CRLF will be replaced by LF in public_html/kmanimalhealthcare.idealgroups.org/public/images/product_images/1714562237_km-tonic.png.
The file will have its original line endings in your working directory.
warning: CRLF will be replaced by LF in public_html/kmanimalhealthcare.idealgroups.org/public/images/product_images/1714562237_stresso-lite.png.
The file will have its original line endings in your working directory.
warning: CRLF will be replaced by LF in public_html/kmanimalhealthcare.idealgroups.org/public/images/product_images/1714562237_the-vit-premix-b.png.
The file will have its original line endings in your working directory.
warning: CRLF will be replaced by LF in public_html/kmanimalhealthcare.idealgroups.org/public/images/product_images/1714562524.png.
The file will have its original line endings in your working directory.
warning: CRLF will be replaced by LF in public_html/kmanimalhealthcare.idealgroups.org/public/images/product_images/1714562524_km-tonic.png.
The file will have its original line endings in your working directory.
warning: CRLF will be replaced by LF in public_html/kmanimalhealthcare.idealgroups.org/public/images/product_images/1714562524_stresso-lite.png.
The file will have its original line endings in your working directory.
warning: CRLF will be replaced by LF in public_html/kmanimalhealthcare.idealgroups.org/public/images/product_images/1714563918.png.
The file will have its original line endings in your working directory.
warning: CRLF will be replaced by LF in public_html/kmanimalhealthcare.idealgroups.org/public/images/product_images/1714563918_stresso-lite.png.
The file will have its original line endings in your working directory.
warning: CRLF will be replaced by LF in public_html/kmanimalhealthcare.idealgroups.org/public/images/product_images/1714564107.png.
The file will have its original line endings in your working directory.
warning: CRLF will be replaced by LF in public_html/kmanimalhealthcare.idealgroups.org/public/images/product_images/1714564107_grosti.png.
The file will have its original line endings in your working directory.
warning: CRLF will be replaced by LF in public_html/kmanimalhealthcare.idealgroups.org/public/images/product_images/1714564107_km-tonic.png.
The file will have its original line endings in your working directory.
warning: CRLF will be replaced by LF in public_html/kmanimalhealthcare.idealgroups.org/public/images/product_images/1714564107_stresso-lite.png.
The file will have its original line endings in your working directory.
warning: CRLF will be replaced by LF in public_html/kmanimalhealthcare.idealgroups.org/public/images/product_images/1714565730.png.
The file will have its original line endings in your working directory.
warning: CRLF will be replaced by LF in public_html/kmanimalhealthcare.idealgroups.org/public/images/product_images/1714565730_stresso-lite.png.
The file will have its original line endings in your working directory.
warning: CRLF will be replaced by LF in public_html/kmanimalhealthcare.idealgroups.org/public/images/product_images/1731501024.jpg.
The file will have its original line endings in your working directory.
warning: CRLF will be replaced by LF in public_html/kmanimalhealthcare.idealgroups.org/public/images/product_images/1731501024_Biriyani Masala.jpg.
The file will have its original line endings in your working directory.
warning: CRLF will be replaced by LF in public_html/kmanimalhealthcare.idealgroups.org/public/images/product_images/1731501512.jpg.
The file will have its original line endings in your working directory.
warning: CRLF will be replaced by LF in public_html/kmanimalhealthcare.idealgroups.org/public/images/product_images/1731501512_Chiken Masala.jpg.
The file will have its original line endings in your working directory.
warning: CRLF will be replaced by LF in public_html/kmanimalhealthcare.idealgroups.org/public/images/product_images/1731501581.jpg.
The file will have its original line endings in your working directory.
warning: CRLF will be replaced by LF in public_html/kmanimalhealthcare.idealgroups.org/public/images/product_images/1731501581_Coriender Cumin Powder.jpg.
The file will have its original line endings in your working directory.
warning: CRLF will be replaced by LF in public_html/kmanimalhealthcare.idealgroups.org/public/images/product_images/1731501668.jpg.
The file will have its original line endings in your working directory.
warning: CRLF will be replaced by LF in public_html/kmanimalhealthcare.idealgroups.org/public/images/product_images/1731501668_Garam Masala.jpg.
The file will have its original line endings in your working directory.
warning: CRLF will be replaced by LF in public_html/kmanimalhealthcare.idealgroups.org/public/images/product_images/1731501720.jpg.
The file will have its original line endings in your working directory.
warning: CRLF will be replaced by LF in public_html/kmanimalhealthcare.idealgroups.org/public/images/product_images/1731501720_Kitchen King Masala.jpg.
The file will have its original line endings in your working directory.
warning: CRLF will be replaced by LF in public_html/kmanimalhealthcare.idealgroups.org/public/images/product_images/1731501837.jpg.
The file will have its original line endings in your working directory.
warning: CRLF will be replaced by LF in public_html/kmanimalhealthcare.idealgroups.org/public/images/product_images/1731501837_Kitchen King Masala.jpg.
The file will have its original line endings in your working directory.
warning: CRLF will be replaced by LF in public_html/kmanimalhealthcare.idealgroups.org/public/images/product_images/1731501946.jpg.
The file will have its original line endings in your working directory.
warning: CRLF will be replaced by LF in public_html/kmanimalhealthcare.idealgroups.org/public/images/product_images/1731501946_Kumthi Chili.jpg.
The file will have its original line endings in your working directory.
warning: CRLF will be replaced by LF in public_html/kmanimalhealthcare.idealgroups.org/public/images/product_images/1731501999.jpg.
The file will have its original line endings in your working directory.
warning: CRLF will be replaced by LF in public_html/kmanimalhealthcare.idealgroups.org/public/images/product_images/1731501999_Noodles Masala.jpg.
The file will have its original line endings in your working directory.
warning: CRLF will be replaced by LF in public_html/kmanimalhealthcare.idealgroups.org/public/images/product_images/1731502045.jpg.
The file will have its original line endings in your working directory.
warning: CRLF will be replaced by LF in public_html/kmanimalhealthcare.idealgroups.org/public/images/product_images/1731502045_Pasta.jpg.
The file will have its original line endings in your working directory.
warning: CRLF will be replaced by LF in public_html/kmanimalhealthcare.idealgroups.org/public/images/product_images/1731502209.jpg.
The file will have its original line endings in your working directory.
warning: CRLF will be replaced by LF in public_html/kmanimalhealthcare.idealgroups.org/public/images/product_images/1731502209_Patni Chili.jpg.
The file will have its original line endings in your working directory.
warning: CRLF will be replaced by LF in public_html/kmanimalhealthcare.idealgroups.org/public/images/product_images/1731502338.jpg.
The file will have its original line endings in your working directory.
warning: CRLF will be replaced by LF in public_html/kmanimalhealthcare.idealgroups.org/public/images/product_images/1731502338_Pav Bhaji.jpg.
The file will have its original line endings in your working directory.
warning: CRLF will be replaced by LF in public_html/kmanimalhealthcare.idealgroups.org/public/images/product_images/1731505674.jpg.
The file will have its original line endings in your working directory.
warning: CRLF will be replaced by LF in public_html/kmanimalhealthcare.idealgroups.org/public/images/product_images/1731505674_Punjabi Masala.jpg.
The file will have its original line endings in your working directory.
warning: CRLF will be replaced by LF in public_html/kmanimalhealthcare.idealgroups.org/public/images/product_images/1731505741.jpg.
The file will have its original line endings in your working directory.
warning: CRLF will be replaced by LF in public_html/kmanimalhealthcare.idealgroups.org/public/images/product_images/1731505741_Turmeric Powder.jpg.
The file will have its original line endings in your working directory.
warning: CRLF will be replaced by LF in public_html/kmanimalhealthcare.idealgroups.org/public/images/product_varients/1713954047_stresso-lite.png.
The file will have its original line endings in your working directory.
warning: CRLF will be replaced by LF in public_html/kmanimalhealthcare.idealgroups.org/public/images/product_varients/1713954185_stresso-lite.png.
The file will have its original line endings in your working directory.
warning: CRLF will be replaced by LF in public_html/kmanimalhealthcare.idealgroups.org/public/images/product_varients/1713954499_grosti.png.
The file will have its original line endings in your working directory.
warning: CRLF will be replaced by LF in public_html/kmanimalhealthcare.idealgroups.org/public/images/product_varients/1713954601_the-vit-premix-b.png.
The file will have its original line endings in your working directory.
warning: CRLF will be replaced by LF in public_html/kmanimalhealthcare.idealgroups.org/public/images/product_varients/1714048504_km-tonic.png.
The file will have its original line endings in your working directory.
warning: CRLF will be replaced by LF in public_html/kmanimalhealthcare.idealgroups.org/public/images/product_varients/1714048504_the-vit-premix-b.png.
The file will have its original line endings in your working directory.
warning: CRLF will be replaced by LF in public_html/kmanimalhealthcare.idealgroups.org/public/images/product_varients/1714048616_km-tonic.png.
The file will have its original line endings in your working directory.
warning: CRLF will be replaced by LF in public_html/kmanimalhealthcare.idealgroups.org/public/images/product_varients/1714048616_stresso-lite.png.
The file will have its original line endings in your working directory.
warning: CRLF will be replaced by LF in public_html/kmanimalhealthcare.idealgroups.org/public/images/product_varients/1714049716_stresso-lite.png.
The file will have its original line endings in your working directory.
warning: CRLF will be replaced by LF in public_html/kmanimalhealthcare.idealgroups.org/public/images/product_varients/1714049716_the-vit-premix-b.png.
The file will have its original line endings in your working directory.
warning: CRLF will be replaced by LF in public_html/kmanimalhealthcare.idealgroups.org/public/images/product_varients/1714050251_km-tonic.png.
The file will have its original line endings in your working directory.
warning: CRLF will be replaced by LF in public_html/kmanimalhealthcare.idealgroups.org/public/images/product_varients/1714050251_the-vit-premix-b.png.
The file will have its original line endings in your working directory.
warning: CRLF will be replaced by LF in public_html/kmanimalhealthcare.idealgroups.org/public/images/product_varients/1714052103_stresso-lite.png.
The file will have its original line endings in your working directory.
warning: CRLF will be replaced by LF in public_html/kmanimalhealthcare.idealgroups.org/public/images/product_varients/1714052103_the-vit-premix-b.png.
The file will have its original line endings in your working directory.
warning: CRLF will be replaced by LF in public_html/kmanimalhealthcare.idealgroups.org/public/images/product_varients/1714563918_km-tonic.png.
The file will have its original line endings in your working directory.
warning: CRLF will be replaced by LF in public_html/kmanimalhealthcare.idealgroups.org/public/images/product_varients/1714563918_stresso-lite.png.
The file will have its original line endings in your working directory.
warning: CRLF will be replaced by LF in public_html/kmanimalhealthcare.idealgroups.org/public/images/product_varients/1714563918_the-vit-premix-b.png.
The file will have its original line endings in your working directory.
warning: CRLF will be replaced by LF in public_html/kmanimalhealthcare.idealgroups.org/public/images/product_varients/1714564107_km-tonic.png.
The file will have its original line endings in your working directory.
warning: CRLF will be replaced by LF in public_html/kmanimalhealthcare.idealgroups.org/public/images/product_varients/1714564107_the-vit-premix-b.png.
The file will have its original line endings in your working directory.
warning: CRLF will be replaced by LF in public_html/kmanimalhealthcare.idealgroups.org/public/siteassets/css/fonts/icofont.woff.
The file will have its original line endings in your working directory.
warning: CRLF will be replaced by LF in public_html/kmanimalhealthcare.idealgroups.org/public/siteassets/css/fonts/icofont.woff2.
The file will have its original line endings in your working directory.
warning: CRLF will be replaced by LF in public_html/kmanimalhealthcare.idealgroups.org/public/siteassets/fonts/lightcaseeead.eot.
The file will have its original line endings in your working directory.
warning: CRLF will be replaced by LF in public_html/kmanimalhealthcare.idealgroups.org/public/siteassets/fonts/lightcaseeead.ttf.
The file will have its original line endings in your working directory.
warning: CRLF will be replaced by LF in public_html/kmanimalhealthcare.idealgroups.org/public/siteassets/images/404.png.
The file will have its original line endings in your working directory.
warning: CRLF will be replaced by LF in public_html/kmanimalhealthcare.idealgroups.org/public/siteassets/images/45770.jpg.
The file will have its original line endings in your working directory.
warning: CRLF will be replaced by LF in public_html/kmanimalhealthcare.idealgroups.org/public/siteassets/images/KM-s-Nutonic-Km-Animal-Shop.jpg.
The file will have its original line endings in your working directory.
warning: CRLF will be replaced by LF in public_html/kmanimalhealthcare.idealgroups.org/public/siteassets/images/about-km.jpg.
The file will have its original line endings in your working directory.
warning: CRLF will be replaced by LF in public_html/kmanimalhealthcare.idealgroups.org/public/siteassets/images/about/01.png.
The file will have its original line endings in your working directory.
warning: CRLF will be replaced by LF in public_html/kmanimalhealthcare.idealgroups.org/public/siteassets/images/about/02.png.
The file will have its original line endings in your working directory.
warning: CRLF will be replaced by LF in public_html/kmanimalhealthcare.idealgroups.org/public/siteassets/images/about/07.jpg.
The file will have its original line endings in your working directory.
warning: CRLF will be replaced by LF in public_html/kmanimalhealthcare.idealgroups.org/public/siteassets/images/about/history/01.jpg.
The file will have its original line endings in your working directory.
warning: CRLF will be replaced by LF in public_html/kmanimalhealthcare.idealgroups.org/public/siteassets/images/about/history/achievement/01.png.
The file will have its original line endings in your working directory.
warning: CRLF will be replaced by LF in public_html/kmanimalhealthcare.idealgroups.org/public/siteassets/images/about/history/achievement/02.png.
The file will have its original line endings in your working directory.
warning: CRLF will be replaced by LF in public_html/kmanimalhealthcare.idealgroups.org/public/siteassets/images/about/history/achievement/03.png.
The file will have its original line endings in your working directory.
warning: CRLF will be replaced by LF in public_html/kmanimalhealthcare.idealgroups.org/public/siteassets/images/about/history/achievement/04.png.
The file will have its original line endings in your working directory.
warning: CRLF will be replaced by LF in public_html/kmanimalhealthcare.idealgroups.org/public/siteassets/images/about/icon/01.png.
The file will have its original line endings in your working directory.
warning: CRLF will be replaced by LF in public_html/kmanimalhealthcare.idealgroups.org/public/siteassets/images/about/icon/02.png.
The file will have its original line endings in your working directory.
warning: CRLF will be replaced by LF in public_html/kmanimalhealthcare.idealgroups.org/public/siteassets/images/about/icon/03.png.
The file will have its original line endings in your working directory.
warning: CRLF will be replaced by LF in public_html/kmanimalhealthcare.idealgroups.org/public/siteassets/images/banner/bg-images/01.jpg.
The file will have its original line endings in your working directory.
warning: CRLF will be replaced by LF in public_html/kmanimalhealthcare.idealgroups.org/public/siteassets/images/banner/bg-images/02.jpg.
The file will have its original line endings in your working directory.
warning: CRLF will be replaced by LF in public_html/kmanimalhealthcare.idealgroups.org/public/siteassets/images/banner/bg-images/background.jpg.
The file will have its original line endings in your working directory.
warning: CRLF will be replaced by LF in public_html/kmanimalhealthcare.idealgroups.org/public/siteassets/images/banner/bg-images/main_banner.jpg.
The file will have its original line endings in your working directory.
warning: CRLF will be replaced by LF in public_html/kmanimalhealthcare.idealgroups.org/public/siteassets/images/banner/bg-images/product_1.png.
The file will have its original line endings in your working directory.
warning: CRLF will be replaced by LF in public_html/kmanimalhealthcare.idealgroups.org/public/siteassets/images/banner/bg-images/product_2.png.
The file will have its original line endings in your working directory.
warning: CRLF will be replaced by LF in public_html/kmanimalhealthcare.idealgroups.org/public/siteassets/images/banner/bg-images/product_3.png.
The file will have its original line endings in your working directory.
warning: CRLF will be replaced by LF in public_html/kmanimalhealthcare.idealgroups.org/public/siteassets/images/banner/bg-images/product_4.png.
The file will have its original line endings in your working directory.
warning: CRLF will be replaced by LF in public_html/kmanimalhealthcare.idealgroups.org/public/siteassets/images/banner/bg-images/product_5.png.
The file will have its original line endings in your working directory.
warning: CRLF will be replaced by LF in public_html/kmanimalhealthcare.idealgroups.org/public/siteassets/images/bg-images/video-bg.jpg.
The file will have its original line endings in your working directory.
warning: CRLF will be replaced by LF in public_html/kmanimalhealthcare.idealgroups.org/public/siteassets/images/bg-images/yt-icon.png.
The file will have its original line endings in your working directory.
warning: CRLF will be replaced by LF in public_html/kmanimalhealthcare.idealgroups.org/public/siteassets/images/blog/01.png.
The file will have its original line endings in your working directory.
warning: CRLF will be replaced by LF in public_html/kmanimalhealthcare.idealgroups.org/public/siteassets/images/blog/02.png.
The file will have its original line endings in your working directory.
warning: CRLF will be replaced by LF in public_html/kmanimalhealthcare.idealgroups.org/public/siteassets/images/blog/03.png.
The file will have its original line endings in your working directory.
warning: CRLF will be replaced by LF in public_html/kmanimalhealthcare.idealgroups.org/public/siteassets/images/blog/04.jpg.
The file will have its original line endings in your working directory.
warning: CRLF will be replaced by LF in public_html/kmanimalhealthcare.idealgroups.org/public/siteassets/images/blog/05.jpg.
The file will have its original line endings in your working directory.
warning: CRLF will be replaced by LF in public_html/kmanimalhealthcare.idealgroups.org/public/siteassets/images/blog/06.jpg.
The file will have its original line endings in your working directory.
warning: CRLF will be replaced by LF in public_html/kmanimalhealthcare.idealgroups.org/public/siteassets/images/blog/author.png.
The file will have its original line endings in your working directory.
warning: CRLF will be replaced by LF in public_html/kmanimalhealthcare.idealgroups.org/public/siteassets/images/blog/author2.png.
The file will have its original line endings in your working directory.
warning: CRLF will be replaced by LF in public_html/kmanimalhealthcare.idealgroups.org/public/siteassets/images/cart.png.
The file will have its original line endings in your working directory.
warning: CRLF will be replaced by LF in public_html/kmanimalhealthcare.idealgroups.org/public/siteassets/images/chicken-liver.jpg.
The file will have its original line endings in your working directory.
warning: CRLF will be replaced by LF in public_html/kmanimalhealthcare.idealgroups.org/public/siteassets/images/del.png.
The file will have its original line endings in your working directory.
warning: CRLF will be replaced by LF in public_html/kmanimalhealthcare.idealgroups.org/public/siteassets/images/favicon.png.
The file will have its original line endings in your working directory.
warning: CRLF will be replaced by LF in public_html/kmanimalhealthcare.idealgroups.org/public/siteassets/images/feature/01.png.
The file will have its original line endings in your working directory.
warning: CRLF will be replaced by LF in public_html/kmanimalhealthcare.idealgroups.org/public/siteassets/images/feature/02.png.
The file will have its original line endings in your working directory.
warning: CRLF will be replaced by LF in public_html/kmanimalhealthcare.idealgroups.org/public/siteassets/images/feature/03.png.
The file will have its original line endings in your working directory.
warning: CRLF will be replaced by LF in public_html/kmanimalhealthcare.idealgroups.org/public/siteassets/images/feature/04.png.
The file will have its original line endings in your working directory.
warning: CRLF will be replaced by LF in public_html/kmanimalhealthcare.idealgroups.org/public/siteassets/images/feature/05.png.
The file will have its original line endings in your working directory.
warning: CRLF will be replaced by LF in public_html/kmanimalhealthcare.idealgroups.org/public/siteassets/images/feature/06.png.
The file will have its original line endings in your working directory.
warning: CRLF will be replaced by LF in public_html/kmanimalhealthcare.idealgroups.org/public/siteassets/images/feature/07.png.
The file will have its original line endings in your working directory.
warning: CRLF will be replaced by LF in public_html/kmanimalhealthcare.idealgroups.org/public/siteassets/images/feature/08.png.
The file will have its original line endings in your working directory.
warning: CRLF will be replaced by LF in public_html/kmanimalhealthcare.idealgroups.org/public/siteassets/images/gallery/01.jpg.
The file will have its original line endings in your working directory.
warning: CRLF will be replaced by LF in public_html/kmanimalhealthcare.idealgroups.org/public/siteassets/images/gallery/02.jpg.
The file will have its original line endings in your working directory.
warning: CRLF will be replaced by LF in public_html/kmanimalhealthcare.idealgroups.org/public/siteassets/images/gallery/03.jpg.
The file will have its original line endings in your working directory.
warning: CRLF will be replaced by LF in public_html/kmanimalhealthcare.idealgroups.org/public/siteassets/images/gallery/04.jpg.
The file will have its original line endings in your working directory.
warning: CRLF will be replaced by LF in public_html/kmanimalhealthcare.idealgroups.org/public/siteassets/images/gallery/05.jpg.
The file will have its original line endings in your working directory.
warning: CRLF will be replaced by LF in public_html/kmanimalhealthcare.idealgroups.org/public/siteassets/images/gallery/06.jpg.
The file will have its original line endings in your working directory.
warning: CRLF will be replaced by LF in public_html/kmanimalhealthcare.idealgroups.org/public/siteassets/images/gallery/07.jpg.
The file will have its original line endings in your working directory.
warning: CRLF will be replaced by LF in public_html/kmanimalhealthcare.idealgroups.org/public/siteassets/images/gallery/08.jpg.
The file will have its original line endings in your working directory.
warning: CRLF will be replaced by LF in public_html/kmanimalhealthcare.idealgroups.org/public/siteassets/images/gallery/mason/01.jpg.
The file will have its original line endings in your working directory.
warning: CRLF will be replaced by LF in public_html/kmanimalhealthcare.idealgroups.org/public/siteassets/images/gallery/mason/04.jpg.
The file will have its original line endings in your working directory.
warning: CRLF will be replaced by LF in public_html/kmanimalhealthcare.idealgroups.org/public/siteassets/images/gallery/mason/05.jpg.
The file will have its original line endings in your working directory.
warning: CRLF will be replaced by LF in public_html/kmanimalhealthcare.idealgroups.org/public/siteassets/images/gallery/mason/06.jpg.
The file will have its original line endings in your working directory.
warning: CRLF will be replaced by LF in public_html/kmanimalhealthcare.idealgroups.org/public/siteassets/images/gallery/mason/08.jpg.
The file will have its original line endings in your working directory.
warning: CRLF will be replaced by LF in public_html/kmanimalhealthcare.idealgroups.org/public/siteassets/images/header/01.png.
The file will have its original line endings in your working directory.
warning: CRLF will be replaced by LF in public_html/kmanimalhealthcare.idealgroups.org/public/siteassets/images/header/02.png.
The file will have its original line endings in your working directory.
warning: CRLF will be replaced by LF in public_html/kmanimalhealthcare.idealgroups.org/public/siteassets/images/header/03.png.
The file will have its original line endings in your working directory.
warning: CRLF will be replaced by LF in public_html/kmanimalhealthcare.idealgroups.org/public/siteassets/images/hen-icon-old.png.
The file will have its original line endings in your working directory.
warning: CRLF will be replaced by LF in public_html/kmanimalhealthcare.idealgroups.org/public/siteassets/images/hen-icon.png.
The file will have its original line endings in your working directory.
warning: CRLF will be replaced by LF in public_html/kmanimalhealthcare.idealgroups.org/public/siteassets/images/klite-02.png.
The file will have its original line endings in your working directory.
warning: CRLF will be replaced by LF in public_html/kmanimalhealthcare.idealgroups.org/public/siteassets/images/klite-03.png.
The file will have its original line endings in your working directory.
warning: CRLF will be replaced by LF in public_html/kmanimalhealthcare.idealgroups.org/public/siteassets/images/km-healthcare-logo-white.png.
The file will have its original line endings in your working directory.
warning: CRLF will be replaced by LF in public_html/kmanimalhealthcare.idealgroups.org/public/siteassets/images/km-healthcare-logo.png.
The file will have its original line endings in your working directory.
warning: CRLF will be replaced by LF in public_html/kmanimalhealthcare.idealgroups.org/public/siteassets/images/logo/01.png.
The file will have its original line endings in your working directory.
warning: CRLF will be replaced by LF in public_html/kmanimalhealthcare.idealgroups.org/public/siteassets/images/logo/02.png.
The file will have its original line endings in your working directory.
warning: CRLF will be replaced by LF in public_html/kmanimalhealthcare.idealgroups.org/public/siteassets/images/product/03.jpg.
The file will have its original line endings in your working directory.
warning: CRLF will be replaced by LF in public_html/kmanimalhealthcare.idealgroups.org/public/siteassets/images/product/04.jpg.
The file will have its original line endings in your working directory.
warning: CRLF will be replaced by LF in public_html/kmanimalhealthcare.idealgroups.org/public/siteassets/images/product/06.jpg.
The file will have its original line endings in your working directory.
warning: CRLF will be replaced by LF in public_html/kmanimalhealthcare.idealgroups.org/public/siteassets/images/product/single/top/01.png.
The file will have its original line endings in your working directory.
warning: CRLF will be replaced by LF in public_html/kmanimalhealthcare.idealgroups.org/public/siteassets/images/products/grosti.png.
The file will have its original line endings in your working directory.
warning: CRLF will be replaced by LF in public_html/kmanimalhealthcare.idealgroups.org/public/siteassets/images/products/km-tonic.png.
The file will have its original line endings in your working directory.
warning: CRLF will be replaced by LF in public_html/kmanimalhealthcare.idealgroups.org/public/siteassets/images/products/product/01.png.
The file will have its original line endings in your working directory.
warning: CRLF will be replaced by LF in public_html/kmanimalhealthcare.idealgroups.org/public/siteassets/images/products/product/02.png.
The file will have its original line endings in your working directory.
warning: CRLF will be replaced by LF in public_html/kmanimalhealthcare.idealgroups.org/public/siteassets/images/products/product/03.png.
The file will have its original line endings in your working directory.
warning: CRLF will be replaced by LF in public_html/kmanimalhealthcare.idealgroups.org/public/siteassets/images/products/product/04.png.
The file will have its original line endings in your working directory.
warning: CRLF will be replaced by LF in public_html/kmanimalhealthcare.idealgroups.org/public/siteassets/images/products/product/05.png.
The file will have its original line endings in your working directory.
warning: CRLF will be replaced by LF in public_html/kmanimalhealthcare.idealgroups.org/public/siteassets/images/products/product/06.png.
The file will have its original line endings in your working directory.
warning: CRLF will be replaced by LF in public_html/kmanimalhealthcare.idealgroups.org/public/siteassets/images/products/stresso-lite.png.
The file will have its original line endings in your working directory.
warning: CRLF will be replaced by LF in public_html/kmanimalhealthcare.idealgroups.org/public/siteassets/images/products/the-vit-premix-b.png.
The file will have its original line endings in your working directory.
warning: CRLF will be replaced by LF in public_html/kmanimalhealthcare.idealgroups.org/public/siteassets/images/products/the-vit-premix-l.png.
The file will have its original line endings in your working directory.
warning: CRLF will be replaced by LF in public_html/kmanimalhealthcare.idealgroups.org/public/siteassets/images/service/01.png.
The file will have its original line endings in your working directory.
warning: CRLF will be replaced by LF in public_html/kmanimalhealthcare.idealgroups.org/public/siteassets/images/service/02.png.
The file will have its original line endings in your working directory.
warning: CRLF will be replaced by LF in public_html/kmanimalhealthcare.idealgroups.org/public/siteassets/images/service/03.png.
The file will have its original line endings in your working directory.
warning: CRLF will be replaced by LF in public_html/kmanimalhealthcare.idealgroups.org/public/siteassets/images/service/04.png.
The file will have its original line endings in your working directory.
warning: CRLF will be replaced by LF in public_html/kmanimalhealthcare.idealgroups.org/public/siteassets/images/service/05.png.
The file will have its original line endings in your working directory.
warning: CRLF will be replaced by LF in public_html/kmanimalhealthcare.idealgroups.org/public/siteassets/images/service/06.png.
The file will have its original line endings in your working directory.
warning: CRLF will be replaced by LF in public_html/kmanimalhealthcare.idealgroups.org/public/siteassets/images/shape-img/01.png.
The file will have its original line endings in your working directory.
warning: CRLF will be replaced by LF in public_html/kmanimalhealthcare.idealgroups.org/public/siteassets/images/slider/slider01.jpg.
The file will have its original line endings in your working directory.
warning: CRLF will be replaced by LF in public_html/kmanimalhealthcare.idealgroups.org/public/siteassets/images/slider/slider03.jpg.
The file will have its original line endings in your working directory.
warning: CRLF will be replaced by LF in public_html/kmanimalhealthcare.idealgroups.org/public/siteassets/images/sponsor/01.png.
The file will have its original line endings in your working directory.
warning: CRLF will be replaced by LF in public_html/kmanimalhealthcare.idealgroups.org/public/siteassets/images/sponsor/02.png.
The file will have its original line endings in your working directory.
warning: CRLF will be replaced by LF in public_html/kmanimalhealthcare.idealgroups.org/public/siteassets/images/sponsor/03.png.
The file will have its original line endings in your working directory.
warning: CRLF will be replaced by LF in public_html/kmanimalhealthcare.idealgroups.org/public/siteassets/images/sponsor/04.png.
The file will have its original line endings in your working directory.
warning: CRLF will be replaced by LF in public_html/kmanimalhealthcare.idealgroups.org/public/siteassets/images/sponsor/05.png.
The file will have its original line endings in your working directory.
warning: CRLF will be replaced by LF in public_html/kmanimalhealthcare.idealgroups.org/public/siteassets/images/team/01.jpg.
The file will have its original line endings in your working directory.
warning: CRLF will be replaced by LF in public_html/kmanimalhealthcare.idealgroups.org/public/siteassets/images/team/02.jpg.
The file will have its original line endings in your working directory.
warning: CRLF will be replaced by LF in public_html/kmanimalhealthcare.idealgroups.org/public/siteassets/images/team/04.jpg.
The file will have its original line endings in your working directory.
warning: CRLF will be replaced by LF in public_html/kmanimalhealthcare.idealgroups.org/public/siteassets/images/testimonial/q1.png.
The file will have its original line endings in your working directory.
warning: CRLF will be replaced by LF in public_html/kmanimalhealthcare.idealgroups.org/public/siteassets/images/testimonial/q2.png.
The file will have its original line endings in your working directory.
warning: CRLF will be replaced by LF in public_html/kmanimalhealthcare.idealgroups.org/public/siteassets/images/x-icon/01.png.
The file will have its original line endings in your working directory.
warning: CRLF will be replaced by LF in public_html/kmanimalhealthcare.idealgroups.org/public/siteassets/webfonts/fa-brands-400.eot.
The file will have its original line endings in your working directory.
warning: CRLF will be replaced by LF in public_html/kmanimalhealthcare.idealgroups.org/public/siteassets/webfonts/fa-brands-400.ttf.
The file will have its original line endings in your working directory.
warning: CRLF will be replaced by LF in public_html/kmanimalhealthcare.idealgroups.org/public/siteassets/webfonts/fa-brands-400.woff.
The file will have its original line endings in your working directory.
warning: CRLF will be replaced by LF in public_html/kmanimalhealthcare.idealgroups.org/public/siteassets/webfonts/fa-brands-400.woff2.
The file will have its original line endings in your working directory.
warning: CRLF will be replaced by LF in public_html/kmanimalhealthcare.idealgroups.org/public/siteassets/webfonts/fa-brands-400d41d.eot.
The file will have its original line endings in your working directory.
warning: CRLF will be replaced by LF in public_html/kmanimalhealthcare.idealgroups.org/public/siteassets/webfonts/fa-regular-400.eot.
The file will have its original line endings in your working directory.
warning: CRLF will be replaced by LF in public_html/kmanimalhealthcare.idealgroups.org/public/siteassets/webfonts/fa-regular-400.ttf.
The file will have its original line endings in your working directory.
warning: CRLF will be replaced by LF in public_html/kmanimalhealthcare.idealgroups.org/public/siteassets/webfonts/fa-regular-400.woff.
The file will have its original line endings in your working directory.
warning: CRLF will be replaced by LF in public_html/kmanimalhealthcare.idealgroups.org/public/siteassets/webfonts/fa-regular-400d41d.eot.
The file will have its original line endings in your working directory.
warning: CRLF will be replaced by LF in public_html/kmanimalhealthcare.idealgroups.org/public/siteassets/webfonts/fa-solid-900.eot.
The file will have its original line endings in your working directory.
warning: CRLF will be replaced by LF in public_html/kmanimalhealthcare.idealgroups.org/public/siteassets/webfonts/fa-solid-900.ttf.
The file will have its original line endings in your working directory.
warning: CRLF will be replaced by LF in public_html/kmanimalhealthcare.idealgroups.org/public/siteassets/webfonts/fa-solid-900.woff.
The file will have its original line endings in your working directory.
warning: CRLF will be replaced by LF in public_html/kmanimalhealthcare.idealgroups.org/public/siteassets/webfonts/fa-solid-900.woff2.
The file will have its original line endings in your working directory.
warning: CRLF will be replaced by LF in public_html/kmanimalhealthcare.idealgroups.org/public/siteassets/webfonts/fa-solid-900d41d.eot.
The file will have its original line endings in your working directory.
warning: CRLF will be replaced by LF in public_html/kmanimalhealthcare.idealgroups.org/screenshots/dashboard.png.
The file will have its original line endings in your working directory.
warning: CRLF will be replaced by LF in public_html/kmanimalhealthcare.idealgroups.org/screenshots/forgot-password.png.
The file will have its original line endings in your working directory.
warning: CRLF will be replaced by LF in public_html/kmanimalhealthcare.idealgroups.org/screenshots/login.png.
The file will have its original line endings in your working directory.
warning: CRLF will be replaced by LF in public_html/kmanimalhealthcare.idealgroups.org/screenshots/profile-page.png.
The file will have its original line endings in your working directory.
warning: CRLF will be replaced by LF in public_html/kmanimalhealthcare.idealgroups.org/screenshots/register.png.
The file will have its original line endings in your working directory.
warning: CRLF will be replaced by LF in public_html/kmanimalhealthcare.idealgroups.org/screenshots/reset-password.png.
The file will have its original line endings in your working directory.
[main 44182ad] Backup 2026-07-28 02:00
 1479 files changed, 221450 insertions(+), 17065 deletions(-)
 rewrite .cpanel/caches/dynamicui/jupiter_en_.cache (97%)
 rewrite .cpanel/datastore/AVAILABLE_APPLICATIONS_CACHE_en_jupiter (99%)
 rewrite .cpanel/datastore/SYSTEMMIME (99%)
 rewrite .cpanel/datastore/ftp_LISTSTORE (100%)
 rewrite .cpanel/datastore/ssl_FETCHINSTALLEDHOSTS (100%)
 rewrite .cpanel/email_accounts.json (100%)
 create mode 100644 public_html/digicard/.editorconfig
 create mode 100644 public_html/digicard/.env.example
 create mode 100644 public_html/digicard/.gitattributes
 create mode 100644 public_html/digicard/.gitignore
 create mode 100644 public_html/digicard/.htaccess.phpupgrader.b83e2086
 create mode 100644 public_html/digicard/.htaccess.phpupgrader.f805bbf4
 create mode 100644 public_html/digicard/.htaccess.phpupgrader.initial
 create mode 100644 public_html/digicard/README.md
 create mode 100644 public_html/digicard/app/Console/Kernel.php
 create mode 100644 public_html/digicard/app/Exceptions/Handler.php
 create mode 100644 public_html/digicard/app/Http/Controllers/AboutFrontController.php
 create mode 100644 public_html/digicard/app/Http/Controllers/AboutUsController.php
 create mode 100644 public_html/digicard/app/Http/Controllers/Auth/ConfirmPasswordController.php
 create mode 100644 public_html/digicard/app/Http/Controllers/Auth/ForgotPasswordController.php
 create mode 100644 public_html/digicard/app/Http/Controllers/Auth/LoginController.php
 create mode 100644 public_html/digicard/app/Http/Controllers/Auth/RegisterController.php
 create mode 100644 public_html/digicard/app/Http/Controllers/Auth/ResetPasswordController.php
 create mode 100644 public_html/digicard/app/Http/Controllers/Auth/VerificationController.php
 create mode 100644 public_html/digicard/app/Http/Controllers/ContactController.php
 create mode 100644 public_html/digicard/app/Http/Controllers/Controller.php
 create mode 100644 public_html/digicard/app/Http/Controllers/DataOfAppController.php
 create mode 100644 public_html/digicard/app/Http/Controllers/HomeController.php
 create mode 100644 public_html/digicard/app/Http/Controllers/HomeMainController.php
 create mode 100644 public_html/digicard/app/Http/Controllers/HomeMainController_old.php
 create mode 100644 public_html/digicard/app/Http/Controllers/InquiryController.php
 create mode 100644 public_html/digicard/app/Http/Controllers/InquiryFormController.php
 create mode 100644 public_html/digicard/app/Http/Controllers/LinkController.php
 create mode 100644 public_html/digicard/app/Http/Controllers/PageNotFoundController.php
 create mode 100644 public_html/digicard/app/Http/Controllers/PaymentController.php
 create mode 100644 public_html/digicard/app/Http/Controllers/ProfileController.php
 create mode 100644 public_html/digicard/app/Http/Controllers/SendLogoData.php
 create mode 100644 public_html/digicard/app/Http/Controllers/SendMailController.php
 create mode 100644 public_html/digicard/app/Http/Controllers/ServiceController.php
 create mode 100644 public_html/digicard/app/Http/Controllers/SuperAdminController.php
 create mode 100644 public_html/digicard/app/Http/Controllers/TestimonialsController.php
 create mode 100644 public_html/digicard/app/Http/Controllers/UserController.php
 create mode 100644 public_html/digicard/app/Http/Controllers/VideosController.php
 create mode 100644 public_html/digicard/app/Http/Kernel.php
 create mode 100644 public_html/digicard/app/Http/Middleware/Authenticate.php
 create mode 100644 public_html/digicard/app/Http/Middleware/EncryptCookies.php
 create mode 100644 public_html/digicard/app/Http/Middleware/PreventRequestsDuringMaintenance.php
 create mode 100644 public_html/digicard/app/Http/Middleware/RedirectIfAuthenticated.php
 create mode 100644 public_html/digicard/app/Http/Middleware/TrimStrings.php
 create mode 100644 public_html/digicard/app/Http/Middleware/TrustHosts.php
 create mode 100644 public_html/digicard/app/Http/Middleware/TrustProxies.php
 create mode 100644 public_html/digicard/app/Http/Middleware/ValidateSignature.php
 create mode 100644 public_html/digicard/app/Http/Middleware/VerifyCsrfToken.php
 create mode 100644 public_html/digicard/app/Http/Requests/ProfileUpdateRequest.php
 create mode 100644 public_html/digicard/app/Mail/SendMail.php
 create mode 100644 public_html/digicard/app/Models/AboutUs.php
 create mode 100644 public_html/digicard/app/Models/Contact.php
 create mode 100644 public_html/digicard/app/Models/Dashboard.php
 create mode 100644 public_html/digicard/app/Models/InquiryForm.php
 create mode 100644 public_html/digicard/app/Models/Link.php
 create mode 100644 public_html/digicard/app/Models/Payment.php
 create mode 100644 public_html/digicard/app/Models/Service.php
 create mode 100644 public_html/digicard/app/Models/User.php
 create mode 100644 public_html/digicard/app/Models/Videos.php
 create mode 100644 public_html/digicard/app/Models/testimonials.php
 create mode 100644 public_html/digicard/app/Providers/AppServiceProvider.php
 create mode 100644 public_html/digicard/app/Providers/AuthServiceProvider.php
 create mode 100644 public_html/digicard/app/Providers/BroadcastServiceProvider.php
 create mode 100644 public_html/digicard/app/Providers/EventServiceProvider.php
 create mode 100644 public_html/digicard/app/Providers/RouteServiceProvider.php
 create mode 100644 public_html/digicard/artisan
 create mode 100644 public_html/digicard/bootstrap/app.php
 create mode 100644 public_html/digicard/bootstrap/cache/.gitignore
 create mode 100644 public_html/digicard/composer.json
 create mode 100644 public_html/digicard/composer.lock
 create mode 100644 public_html/digicard/config/app.php
 create mode 100644 public_html/digicard/config/auth.php
 create mode 100644 public_html/digicard/config/broadcasting.php
 create mode 100644 public_html/digicard/config/cache.php
 create mode 100644 public_html/digicard/config/cors.php
 create mode 100644 public_html/digicard/config/database.php
 create mode 100644 public_html/digicard/config/filesystems.php
 create mode 100644 public_html/digicard/config/hashing.php
 create mode 100644 public_html/digicard/config/logging.php
 create mode 100644 public_html/digicard/config/mail.php
 create mode 100644 public_html/digicard/config/queue.php
 create mode 100644 public_html/digicard/config/sanctum.php
 create mode 100644 public_html/digicard/config/services.php
 create mode 100644 public_html/digicard/config/session.php
 create mode 100644 public_html/digicard/config/view.php
 create mode 100644 public_html/digicard/database/.gitignore
 create mode 100644 public_html/digicard/database/factories/UserFactory.php
 create mode 100644 public_html/digicard/database/ideal_group.sql
 create mode 100644 public_html/digicard/database/ideal_group_updated.sql
 create mode 100644 public_html/digicard/database/migrations/2014_10_12_000000_create_users_table.php
 create mode 100644 public_html/digicard/database/migrations/2014_10_12_100000_create_password_resets_table.php
 create mode 100644 public_html/digicard/database/migrations/2019_08_19_000000_create_failed_jobs_table.php
 create mode 100644 public_html/digicard/database/migrations/2019_12_14_000001_create_personal_access_tokens_table.php
 create mode 100644 public_html/digicard/database/migrations/2023_08_31_105646_create_dashboards_table.php
 create mode 100644 public_html/digicard/database/migrations/2023_09_01_112826_create_about_us_table.php
 create mode 100644 public_html/digicard/database/migrations/2023_09_01_184144_create_services_table.php
 create mode 100644 public_html/digicard/database/migrations/2023_09_02_132354_create_videos_table.php
 create mode 100644 public_html/digicard/database/migrations/2023_09_03_072654_create_payments_table.php
 create mode 100644 public_html/digicard/database/migrations/2023_09_04_085641_create_testimonials_table.php
 create mode 100644 public_html/digicard/database/migrations/2023_09_04_103211_create_contacts_table.php
 create mode 100644 public_html/digicard/database/migrations/2023_09_04_142228_add_time_status_to_contacts_table.php
 create mode 100644 public_html/digicard/database/migrations/2023_09_05_075315_add_time_day_to_contacts_table.php
 create mode 100644 public_html/digicard/database/migrations/2023_09_05_100423_add_status_day_to_contacts_table.php
 create mode 100644 public_html/digicard/database/migrations/2023_09_06_091202_create_inquiry_form_table.php
 create mode 100644 public_html/digicard/database/migrations/2023_09_12_073710_add_roles_to_users_table.php
 create mode 100644 public_html/digicard/database/migrations/2023_09_12_091438_add_created_to_users_table.php
 create mode 100644 public_html/digicard/database/migrations/2023_09_13_094145_add__brand_name_to_dashboards_table.php
 create mode 100644 public_html/digicard/database/migrations/2023_09_18_164236_add__banner_to_dashboards_table.php
 create mode 100644 public_html/digicard/database/migrations/2023_09_19_095845_add_card_no_to_users_table.php
 create mode 100644 public_html/digicard/database/migrations/2023_09_20_115948_create_links_table.php
 create mode 100644 public_html/digicard/database/migrations/2023_09_20_121646_add_created_by_to_links_table.php
 create mode 100644 public_html/digicard/database/seeders/DatabaseSeeder.php
 create mode 100644 public_html/digicard/index.php
 create mode 100644 public_html/digicard/lang/en/auth.php
 create mode 100644 public_html/digicard/lang/en/pagination.php
 create mode 100644 public_html/digicard/lang/en/passwords.php
 create mode 100644 public_html/digicard/lang/en/validation.php
 create mode 100644 public_html/digicard/package-lock.json
 create mode 100644 public_html/digicard/package.json
 create mode 100644 public_html/digicard/phpunit.xml
 create mode 100644 public_html/digicard/public/.gitignore
 create mode 100644 public_html/digicard/resources/css/app.css
 create mode 100644 public_html/digicard/resources/js/app.js
 create mode 100644 public_html/digicard/resources/js/bootstrap.js
 create mode 100644 public_html/digicard/resources/sass/_custom.scss
 create mode 100644 public_html/digicard/resources/sass/_layout.scss
 create mode 100644 public_html/digicard/resources/sass/_variables.scss
 create mode 100644 public_html/digicard/resources/sass/app.scss
 create mode 100644 public_html/digicard/resources/views/Page-not-found/index.blade.php
 create mode 100644 public_html/digicard/resources/views/about_us.blade.php
 create mode 100644 public_html/digicard/resources/views/alert.blade.php
 create mode 100644 public_html/digicard/resources/views/auth/login.blade.php
 create mode 100644 public_html/digicard/resources/views/auth/passwords/confirm.blade.php
 create mode 100644 public_html/digicard/resources/views/auth/passwords/email.blade.php
 create mode 100644 public_html/digicard/resources/views/auth/passwords/reset.blade.php
 create mode 100644 public_html/digicard/resources/views/auth/profile.blade.php
 create mode 100644 public_html/digicard/resources/views/auth/register.blade.php
 create mode 100644 public_html/digicard/resources/views/auth/verify.blade.php
 create mode 100644 public_html/digicard/resources/views/contact/create-edit.blade.php
 create mode 100644 public_html/digicard/resources/views/contact/index.blade.php
 create mode 100644 public_html/digicard/resources/views/dashboards/create.blade.php
 create mode 100644 public_html/digicard/resources/views/dashboards/edit.blade.php
 create mode 100644 public_html/digicard/resources/views/dashboards/index.blade.php
 create mode 100644 public_html/digicard/resources/views/delete_model.blade.php
 create mode 100644 public_html/digicard/resources/views/emails/main.blade.php
 create mode 100644 public_html/digicard/resources/views/home-main.blade.php
 create mode 100644 public_html/digicard/resources/views/home.blade.php
 create mode 100644 public_html/digicard/resources/views/inquiry/index.blade.php
 create mode 100644 public_html/digicard/resources/views/layouts/app.blade.php
 create mode 100644 public_html/digicard/resources/views/layouts/guest.blade.php
 create mode 100644 public_html/digicard/resources/views/layouts/link.blade.php
 create mode 100644 public_html/digicard/resources/views/layouts/navigation.blade.php
 create mode 100644 public_html/digicard/resources/views/links/create-edit.blade.php
 create mode 100644 public_html/digicard/resources/views/links/index.blade.php
 create mode 100644 public_html/digicard/resources/views/payment/create-edit.blade.php
 create mode 100644 public_html/digicard/resources/views/payment/index.blade.php
 create mode 100644 public_html/digicard/resources/views/services/create-edit.blade.php
 create mode 100644 public_html/digicard/resources/views/services/index.blade.php
 create mode 100644 public_html/digicard/resources/views/super-admin/create-edit.blade.php
 create mode 100644 public_html/digicard/resources/views/super-admin/index.blade.php
 create mode 100644 public_html/digicard/resources/views/testimonials/create-edit.blade.php
 create mode 100644 public_html/digicard/resources/views/testimonials/index.blade.php
 create mode 100644 public_html/digicard/resources/views/user-not-found.blade.php
 create mode 100644 public_html/digicard/resources/views/users/index.blade.php
 create mode 100644 public_html/digicard/resources/views/users/showabout.blade.php
 create mode 100644 public_html/digicard/resources/views/videos/create-edit.blade.php
 create mode 100644 public_html/digicard/resources/views/videos/index.blade.php
 create mode 100644 public_html/digicard/resources/views/welcome.blade.php
 create mode 100644 public_html/digicard/routes/api.php
 create mode 100644 public_html/digicard/routes/channels.php
 create mode 100644 public_html/digicard/routes/console.php
 create mode 100644 public_html/digicard/routes/web.php
 create mode 100644 public_html/digicard/storage/app/.gitignore
 create mode 100644 public_html/digicard/storage/app/public/.gitignore
 create mode 100644 public_html/digicard/storage/framework/.gitignore
 create mode 100644 public_html/digicard/storage/framework/cache/.gitignore
 create mode 100644 public_html/digicard/storage/framework/cache/data/.gitignore
 create mode 100644 public_html/digicard/storage/framework/sessions/.gitignore
 create mode 100644 public_html/digicard/storage/framework/testing/.gitignore
 create mode 100644 public_html/digicard/storage/framework/views/.gitignore
 create mode 100644 public_html/digicard/style.css
 create mode 100644 public_html/digicard/tests/CreatesApplication.php
 create mode 100644 public_html/digicard/tests/Feature/ExampleTest.php
 create mode 100644 public_html/digicard/tests/TestCase.php
 create mode 100644 public_html/digicard/tests/Unit/ExampleTest.php
 create mode 100644 public_html/digicard/vite.config.js
 create mode 100644 public_html/kmanimalhealthcare.idealgroups.org/.editorconfig
 create mode 100644 public_html/kmanimalhealthcare.idealgroups.org/.env.example
 create mode 100644 public_html/kmanimalhealthcare.idealgroups.org/.gitattributes
 create mode 100644 public_html/kmanimalhealthcare.idealgroups.org/.gitignore
 create mode 100644 public_html/kmanimalhealthcare.idealgroups.org/.htaccess
 create mode 100644 public_html/kmanimalhealthcare.idealgroups.org/ISSUE_TEMPLATE.md
 create mode 100644 public_html/kmanimalhealthcare.idealgroups.org/README.md
 create mode 100644 public_html/kmanimalhealthcare.idealgroups.org/app/Console/Kernel.php
 create mode 100644 public_html/kmanimalhealthcare.idealgroups.org/app/Exceptions/Handler.php
 create mode 100644 public_html/kmanimalhealthcare.idealgroups.org/app/Helpers/helpers.php
 create mode 100644 public_html/kmanimalhealthcare.idealgroups.org/app/Http/Controllers/AboutusController.php
 create mode 100644 public_html/kmanimalhealthcare.idealgroups.org/app/Http/Controllers/AddtoCartController.php
 create mode 100644 public_html/kmanimalhealthcare.idealgroups.org/app/Http/Controllers/Auth/ForgotPasswordController.php
 create mode 100644 public_html/kmanimalhealthcare.idealgroups.org/app/Http/Controllers/Auth/LoginController.php
 create mode 100644 public_html/kmanimalhealthcare.idealgroups.org/app/Http/Controllers/Auth/RegisterController.php
 create mode 100644 public_html/kmanimalhealthcare.idealgroups.org/app/Http/Controllers/Auth/ResetPasswordController.php
 create mode 100644 public_html/kmanimalhealthcare.idealgroups.org/app/Http/Controllers/CategoryController.php
 create mode 100644 public_html/kmanimalhealthcare.idealgroups.org/app/Http/Controllers/ContactusController.php
 create mode 100644 public_html/kmanimalhealthcare.idealgroups.org/app/Http/Controllers/Controller.php
 create mode 100644 public_html/kmanimalhealthcare.idealgroups.org/app/Http/Controllers/CouponCodeController.php
 create mode 100644 public_html/kmanimalhealthcare.idealgroups.org/app/Http/Controllers/HomeController.php
 create mode 100644 public_html/kmanimalhealthcare.idealgroups.org/app/Http/Controllers/ProductCartController.php
 create mode 100644 public_html/kmanimalhealthcare.idealgroups.org/app/Http/Controllers/ProductController.php
 create mode 100644 public_html/kmanimalhealthcare.idealgroups.org/app/Http/Controllers/ProductVariantController.php
 create mode 100644 public_html/kmanimalhealthcare.idealgroups.org/app/Http/Controllers/ProfileController.php
 create mode 100644 public_html/kmanimalhealthcare.idealgroups.org/app/Http/Controllers/RazorpayController.php
 create mode 100644 public_html/kmanimalhealthcare.idealgroups.org/app/Http/Controllers/StressoLiteController.php
 create mode 100644 public_html/kmanimalhealthcare.idealgroups.org/app/Http/Controllers/UserController.php
 create mode 100644 public_html/kmanimalhealthcare.idealgroups.org/app/Http/Kernel.php
 create mode 100644 public_html/kmanimalhealthcare.idealgroups.org/app/Http/Middleware/Authenticate.php
 create mode 100644 public_html/kmanimalhealthcare.idealgroups.org/app/Http/Middleware/EncryptCookies.php
 create mode 100644 public_html/kmanimalhealthcare.idealgroups.org/app/Http/Middleware/PreventRequestsDuringMaintenance.php
 create mode 100644 public_html/kmanimalhealthcare.idealgroups.org/app/Http/Middleware/RedirectIfAuthenticated.php
 create mode 100644 public_html/kmanimalhealthcare.idealgroups.org/app/Http/Middleware/TrimStrings.php
 create mode 100644 public_html/kmanimalhealthcare.idealgroups.org/app/Http/Middleware/TrustHosts.php
 create mode 100644 public_html/kmanimalhealthcare.idealgroups.org/app/Http/Middleware/TrustProxies.php
 create mode 100644 public_html/kmanimalhealthcare.idealgroups.org/app/Http/Middleware/ValidateSignature.php
 create mode 100644 public_html/kmanimalhealthcare.idealgroups.org/app/Http/Middleware/VerifyCsrfToken.php
 create mode 100644 public_html/kmanimalhealthcare.idealgroups.org/app/Http/Requests/Category/CreateCategoryRequest.php
 create mode 100644 public_html/kmanimalhealthcare.idealgroups.org/app/Http/Requests/Category/UpdateCategoryRequest.php
 create mode 100644 public_html/kmanimalhealthcare.idealgroups.org/app/Http/Requests/CouponCode/CreateCouponRequest.php
 create mode 100644 public_html/kmanimalhealthcare.idealgroups.org/app/Http/Requests/CouponCode/UpdateCouponRequest.php
 create mode 100644 public_html/kmanimalhealthcare.idealgroups.org/app/Http/Requests/Product/CreateProductRequest.php
 create mode 100644 public_html/kmanimalhealthcare.idealgroups.org/app/Http/Requests/Product/UpdateProductRequest.php
 create mode 100644 public_html/kmanimalhealthcare.idealgroups.org/app/Http/Requests/ProductVariant/CreateProductVarientRequest.php
 create mode 100644 public_html/kmanimalhealthcare.idealgroups.org/app/Http/Requests/ProductVariant/UpdateProductVariantRequest.php
 create mode 100644 public_html/kmanimalhealthcare.idealgroups.org/app/Http/Requests/User/CreateFrontUserRegistration.php
 create mode 100644 public_html/kmanimalhealthcare.idealgroups.org/app/Http/Requests/User/CreateUserRequest.php
 create mode 100644 public_html/kmanimalhealthcare.idealgroups.org/app/Http/Requests/User/UpdateUserRequest.php
 create mode 100644 public_html/kmanimalhealthcare.idealgroups.org/app/Mail/DynamicEmail.php
 create mode 100644 public_html/kmanimalhealthcare.idealgroups.org/app/Models/Category.php
 create mode 100644 public_html/kmanimalhealthcare.idealgroups.org/app/Models/CouponCodes.php
 create mode 100644 public_html/kmanimalhealthcare.idealgroups.org/app/Models/OrderDetail.php
 create mode 100644 public_html/kmanimalhealthcare.idealgroups.org/app/Models/Payment.php
 create mode 100644 public_html/kmanimalhealthcare.idealgroups.org/app/Models/Product.php
 create mode 100644 public_html/kmanimalhealthcare.idealgroups.org/app/Models/ProductVarients.php
 create mode 100644 public_html/kmanimalhealthcare.idealgroups.org/app/Models/Product_image.php
 create mode 100644 public_html/kmanimalhealthcare.idealgroups.org/app/Models/TempAddcart.php
 create mode 100644 public_html/kmanimalhealthcare.idealgroups.org/app/Models/User.php
 create mode 100644 public_html/kmanimalhealthcare.idealgroups.org/app/Models/UsesCouponCode.php
 create mode 100644 public_html/kmanimalhealthcare.idealgroups.org/app/Models/Varient_images.php
 create mode 100644 public_html/kmanimalhealthcare.idealgroups.org/app/Models/VarientsTypes.php
 create mode 100644 public_html/kmanimalhealthcare.idealgroups.org/app/Models/VarientsTypesDetails.php
 create mode 100644 public_html/kmanimalhealthcare.idealgroups.org/app/Providers/AppServiceProvider.php
 create mode 100644 public_html/kmanimalhealthcare.idealgroups.org/app/Providers/AuthServiceProvider.php
 create mode 100644 public_html/kmanimalhealthcare.idealgroups.org/app/Providers/BroadcastServiceProvider.php
 create mode 100644 public_html/kmanimalhealthcare.idealgroups.org/app/Providers/EventServiceProvider.php
 create mode 100644 public_html/kmanimalhealthcare.idealgroups.org/app/Providers/RouteServiceProvider.php
 create mode 100644 public_html/kmanimalhealthcare.idealgroups.org/app/Repositories/CategoryRepository.php
 create mode 100644 public_html/kmanimalhealthcare.idealgroups.org/app/Repositories/CouponRepository.php
 create mode 100644 public_html/kmanimalhealthcare.idealgroups.org/app/Repositories/ProductCartRepository.php
 create mode 100644 public_html/kmanimalhealthcare.idealgroups.org/app/Repositories/ProductRepository.php
 create mode 100644 public_html/kmanimalhealthcare.idealgroups.org/app/Repositories/ProductVariantRepository.php
 create mode 100644 public_html/kmanimalhealthcare.idealgroups.org/app/Repositories/UserRepository.php
 create mode 100644 public_html/kmanimalhealthcare.idealgroups.org/app/Services/CategoryService.php
 create mode 100644 public_html/kmanimalhealthcare.idealgroups.org/app/Services/CouponService.php
 create mode 100644 public_html/kmanimalhealthcare.idealgroups.org/app/Services/ProductCartService.php
 create mode 100644 public_html/kmanimalhealthcare.idealgroups.org/app/Services/ProductService.php
 create mode 100644 public_html/kmanimalhealthcare.idealgroups.org/app/Services/ProductVariantService.php
 create mode 100644 public_html/kmanimalhealthcare.idealgroups.org/app/Services/UserService.php
 create mode 100644 public_html/kmanimalhealthcare.idealgroups.org/app/View/Components/AppLayout.php
 create mode 100644 public_html/kmanimalhealthcare.idealgroups.org/app/View/Components/GuestLayout.php
 create mode 100644 public_html/kmanimalhealthcare.idealgroups.org/app/View/Components/navbarGuest.php
 create mode 100644 public_html/kmanimalhealthcare.idealgroups.org/artisan
 create mode 100644 public_html/kmanimalhealthcare.idealgroups.org/bootstrap/app.php
 create mode 100644 public_html/kmanimalhealthcare.idealgroups.org/bootstrap/cache/.gitignore
 create mode 100644 public_html/kmanimalhealthcare.idealgroups.org/bootstrap/helpers.php
 create mode 100644 public_html/kmanimalhealthcare.idealgroups.org/composer.json
 create mode 100644 public_html/kmanimalhealthcare.idealgroups.org/composer.lock
 create mode 100644 public_html/kmanimalhealthcare.idealgroups.org/config/app.php
 create mode 100644 public_html/kmanimalhealthcare.idealgroups.org/config/auth.php
 create mode 100644 public_html/kmanimalhealthcare.idealgroups.org/config/broadcasting.php
 create mode 100644 public_html/kmanimalhealthcare.idealgroups.org/config/cache.php
 create mode 100644 public_html/kmanimalhealthcare.idealgroups.org/config/cors.php
 create mode 100644 public_html/kmanimalhealthcare.idealgroups.org/config/database.php
 create mode 100644 public_html/kmanimalhealthcare.idealgroups.org/config/filesystems.php
 create mode 100644 public_html/kmanimalhealthcare.idealgroups.org/config/hashing.php
 create mode 100644 public_html/kmanimalhealthcare.idealgroups.org/config/logging.php
 create mode 100644 public_html/kmanimalhealthcare.idealgroups.org/config/mail.php
 create mode 100644 public_html/kmanimalhealthcare.idealgroups.org/config/queue.php
 create mode 100644 public_html/kmanimalhealthcare.idealgroups.org/config/sanctum.php
 create mode 100644 public_html/kmanimalhealthcare.idealgroups.org/config/services.php
 create mode 100644 public_html/kmanimalhealthcare.idealgroups.org/config/session.php
 create mode 100644 public_html/kmanimalhealthcare.idealgroups.org/config/view.php
 create mode 100644 public_html/kmanimalhealthcare.idealgroups.org/database/.gitignore
 create mode 100644 public_html/kmanimalhealthcare.idealgroups.org/database/factories/UserFactory.php
 create mode 100644 public_html/kmanimalhealthcare.idealgroups.org/database/migrations/2014_10_12_000000_create_users_table.php
 create mode 100644 public_html/kmanimalhealthcare.idealgroups.org/database/migrations/2014_10_12_100000_create_password_reset_tokens_table.php
 create mode 100644 public_html/kmanimalhealthcare.idealgroups.org/database/migrations/2019_08_19_000000_create_failed_jobs_table.php
 create mode 100644 public_html/kmanimalhealthcare.idealgroups.org/database/migrations/2019_12_14_000001_create_personal_access_tokens_table.php
 create mode 100644 public_html/kmanimalhealthcare.idealgroups.org/database/migrations/2024_04_18_122642_add_fields_to_users_table.php
 create mode 100644 public_html/kmanimalhealthcare.idealgroups.org/database/migrations/2024_04_19_061504_create_product.php
 create mode 100644 public_html/kmanimalhealthcare.idealgroups.org/database/migrations/2024_04_19_062948_add_fields_to_products.php
 create mode 100644 public_html/kmanimalhealthcare.idealgroups.org/database/migrations/2024_04_19_065436_create_categories_table.php
 create mode 100644 public_html/kmanimalhealthcare.idealgroups.org/database/migrations/2024_04_19_065715_add_status_to_categories_table.php
 create mode 100644 public_html/kmanimalhealthcare.idealgroups.org/database/migrations/2024_04_19_071336_add_description_to_categories_table.php
 create mode 100644 public_html/kmanimalhealthcare.idealgroups.org/database/migrations/2024_04_22_072134_remove_price_discount_columns_from_products_table.php
 create mode 100644 public_html/kmanimalhealthcare.idealgroups.org/database/migrations/2024_04_22_073614_create_product_varients.php
 create mode 100644 public_html/kmanimalhealthcare.idealgroups.org/database/migrations/2024_04_22_074305_create_varient_images.php
 create mode 100644 public_html/kmanimalhealthcare.idealgroups.org/database/migrations/2024_04_22_121642_add_fields_to_products.php
 create mode 100644 public_html/kmanimalhealthcare.idealgroups.org/database/migrations/2024_04_22_122355_create_product_images.php
 create mode 100644 public_html/kmanimalhealthcare.idealgroups.org/database/migrations/2024_04_22_124303_remove_product_id_columns_from_product_varients_table.php
 create mode 100644 public_html/kmanimalhealthcare.idealgroups.org/database/migrations/2024_04_22_133123_add_fields_to_product_varients.php
 create mode 100644 public_html/kmanimalhealthcare.idealgroups.org/database/migrations/2024_04_22_145125_remove_price_columns_from_product_varients.php
 create mode 100644 public_html/kmanimalhealthcare.idealgroups.org/database/migrations/2024_04_22_145318_create_varients_types.php
 create mode 100644 public_html/kmanimalhealthcare.idealgroups.org/database/migrations/2024_04_23_061645_add_fields_to_varients_types.php
 create mode 100644 public_html/kmanimalhealthcare.idealgroups.org/database/migrations/2024_04_23_100100_create_varients_types_details.php
 create mode 100644 public_html/kmanimalhealthcare.idealgroups.org/database/migrations/2024_04_23_123113_add_fields_to_products.php
 create mode 100644 public_html/kmanimalhealthcare.idealgroups.org/database/migrations/2024_04_23_132417_create_coupon_codes.php
 create mode 100644 public_html/kmanimalhealthcare.idealgroups.org/database/migrations/2024_04_24_105543_add_fields_to_categories.php
 create mode 100644 public_html/kmanimalhealthcare.idealgroups.org/database/migrations/2024_04_24_105735_add_fields_to_varients_types_details.php
 create mode 100644 public_html/kmanimalhealthcare.idealgroups.org/database/migrations/2024_04_24_140233_add_fields_to_products.php
 create mode 100644 public_html/kmanimalhealthcare.idealgroups.org/database/migrations/2024_04_26_070809_create_temp_addcart.php
 create mode 100644 public_html/kmanimalhealthcare.idealgroups.org/database/migrations/2024_04_29_125431_create_uses_coupon_codes.php
 create mode 100644 public_html/kmanimalhealthcare.idealgroups.org/database/migrations/2024_04_29_135553_create_order_details.php
 create mode 100644 public_html/kmanimalhealthcare.idealgroups.org/database/migrations/2024_04_30_071437_add_fields_to_users.php
 create mode 100644 public_html/kmanimalhealthcare.idealgroups.org/database/migrations/2024_04_30_102919_add_fields_to_order_details.php
 create mode 100644 public_html/kmanimalhealthcare.idealgroups.org/database/migrations/2024_04_30_113434_add_fields_to_order_details.php
 create mode 100644 public_html/kmanimalhealthcare.idealgroups.org/database/migrations/2024_05_01_101652_remove_product_id_columns_from_coupon_codes.php
 create mode 100644 public_html/kmanimalhealthcare.idealgroups.org/database/migrations/2024_05_01_113835_remove_parent_id_columns_from_categories.php
 create mode 100644 public_html/kmanimalhealthcare.idealgroups.org/database/migrations/2024_05_06_130628_add_fields_to_order_details.php
 create mode 100644 public_html/kmanimalhealthcare.idealgroups.org/database/migrations/2024_05_10_134533_add_different_shipping_to_order_details_table.php
 create mode 100644 public_html/kmanimalhealthcare.idealgroups.org/database/migrations/2024_07_09_063912_create_payments_table.php
 create mode 100644 public_html/kmanimalhealthcare.idealgroups.org/database/migrations/2024_07_10_013357_add_order_number_to_order_details_table.php
 create mode 100644 public_html/kmanimalhealthcare.idealgroups.org/database/seeders/DatabaseSeeder.php
 create mode 100755 public_html/kmanimalhealthcare.idealgroups.org/googlee4e010c3db509f5f.html
 create mode 100644 public_html/kmanimalhealthcare.idealgroups.org/index.php
 create mode 100644 public_html/kmanimalhealthcare.idealgroups.org/package-lock.json
 create mode 100644 public_html/kmanimalhealthcare.idealgroups.org/package.json
 create mode 100644 public_html/kmanimalhealthcare.idealgroups.org/phpunit.xml
 create mode 100644 public_html/kmanimalhealthcare.idealgroups.org/public/app/assets/css/corporate-ui-dashboard.css
 create mode 100644 public_html/kmanimalhealthcare.idealgroups.org/public/app/assets/css/corporate-ui-dashboard.css.map
 create mode 100644 public_html/kmanimalhealthcare.idealgroups.org/public/app/assets/css/corporate-ui-dashboard.min.css
 create mode 100644 public_html/kmanimalhealthcare.idealgroups.org/public/app/assets/css/nucleo-icons.css
 create mode 100644 public_html/kmanimalhealthcare.idealgroups.org/public/app/assets/css/nucleo-svg.css
 create mode 100644 public_html/kmanimalhealthcare.idealgroups.org/public/app/assets/fonts/nucleo-icons.eot
 create mode 100644 public_html/kmanimalhealthcare.idealgroups.org/public/app/assets/fonts/nucleo-icons.svg
 create mode 100644 public_html/kmanimalhealthcare.idealgroups.org/public/app/assets/fonts/nucleo-icons.ttf
 create mode 100644 public_html/kmanimalhealthcare.idealgroups.org/public/app/assets/fonts/nucleo-icons.woff
 create mode 100644 public_html/kmanimalhealthcare.idealgroups.org/public/app/assets/fonts/nucleo-icons.woff2
 create mode 100644 public_html/kmanimalhealthcare.idealgroups.org/public/app/assets/fonts/nucleo.eot
 create mode 100644 public_html/kmanimalhealthcare.idealgroups.org/public/app/assets/fonts/nucleo.ttf
 create mode 100644 public_html/kmanimalhealthcare.idealgroups.org/public/app/assets/fonts/nucleo.woff
 create mode 100644 public_html/kmanimalhealthcare.idealgroups.org/public/app/assets/fonts/nucleo.woff2
 create mode 100644 public_html/kmanimalhealthcare.idealgroups.org/public/app/assets/img/3d-cube.png
 create mode 100644 public_html/kmanimalhealthcare.idealgroups.org/public/app/assets/img/apple-icon.png
 create mode 100644 public_html/kmanimalhealthcare.idealgroups.org/public/app/assets/img/bg1.jpg
 create mode 100644 public_html/kmanimalhealthcare.idealgroups.org/public/app/assets/img/bruce-mars.jpg
 create mode 100644 public_html/kmanimalhealthcare.idealgroups.org/public/app/assets/img/corporate-ui-logo.svg
 create mode 100644 public_html/kmanimalhealthcare.idealgroups.org/public/app/assets/img/curved-images/img-6.jpg
 create mode 100644 public_html/kmanimalhealthcare.idealgroups.org/public/app/assets/img/curved-images/img-7.jpg
 create mode 100644 public_html/kmanimalhealthcare.idealgroups.org/public/app/assets/img/default-avatar.png
 create mode 100644 public_html/kmanimalhealthcare.idealgroups.org/public/app/assets/img/down-arrow-dark.svg
 create mode 100644 public_html/kmanimalhealthcare.idealgroups.org/public/app/assets/img/down-arrow-white.svg
 create mode 100644 public_html/kmanimalhealthcare.idealgroups.org/public/app/assets/img/down-arrow.svg
 create mode 100644 public_html/kmanimalhealthcare.idealgroups.org/public/app/assets/img/favicon.png
 create mode 100644 public_html/kmanimalhealthcare.idealgroups.org/public/app/assets/img/header-blue-purple.jpg
 create mode 100644 public_html/kmanimalhealthcare.idealgroups.org/public/app/assets/img/header-orange-purple.jpg
 create mode 100644 public_html/kmanimalhealthcare.idealgroups.org/public/app/assets/img/image-sign-in.jpg
 create mode 100644 public_html/kmanimalhealthcare.idealgroups.org/public/app/assets/img/image-sign-up.jpg
 create mode 100644 public_html/kmanimalhealthcare.idealgroups.org/public/app/assets/img/img-1.jpg
 create mode 100644 public_html/kmanimalhealthcare.idealgroups.org/public/app/assets/img/img-2.jpg
 create mode 100644 public_html/kmanimalhealthcare.idealgroups.org/public/app/assets/img/img-3.jpg
 create mode 100644 public_html/kmanimalhealthcare.idealgroups.org/public/app/assets/img/img-4.jpg
 create mode 100644 public_html/kmanimalhealthcare.idealgroups.org/public/app/assets/img/img-5.jpg
 create mode 100644 public_html/kmanimalhealthcare.idealgroups.org/public/app/assets/img/img-8.jpg
 create mode 100644 public_html/kmanimalhealthcare.idealgroups.org/public/app/assets/img/img-9.jpg
 create mode 100644 public_html/kmanimalhealthcare.idealgroups.org/public/app/assets/img/logo-ct-dark.png
 create mode 100644 public_html/kmanimalhealthcare.idealgroups.org/public/app/assets/img/logo-ct.png
 create mode 100644 public_html/kmanimalhealthcare.idealgroups.org/public/app/assets/img/logos/facebook-logo.svg
 create mode 100644 public_html/kmanimalhealthcare.idealgroups.org/public/app/assets/img/logos/google-logo.svg
 create mode 100644 public_html/kmanimalhealthcare.idealgroups.org/public/app/assets/img/logos/mastercard-white.png
 create mode 100644 public_html/kmanimalhealthcare.idealgroups.org/public/app/assets/img/logos/mastercard.png
 create mode 100644 public_html/kmanimalhealthcare.idealgroups.org/public/app/assets/img/logos/visa-white.png
 create mode 100644 public_html/kmanimalhealthcare.idealgroups.org/public/app/assets/img/logos/visa.png
 create mode 100644 public_html/kmanimalhealthcare.idealgroups.org/public/app/assets/img/logos/wifi-white.png
 create mode 100644 public_html/kmanimalhealthcare.idealgroups.org/public/app/assets/img/marie.jpg
 create mode 100644 public_html/kmanimalhealthcare.idealgroups.org/public/app/assets/img/small-logos/icon-sun-cloud.png
 create mode 100644 public_html/kmanimalhealthcare.idealgroups.org/public/app/assets/img/small-logos/logo-atlassian.svg
 create mode 100644 public_html/kmanimalhealthcare.idealgroups.org/public/app/assets/img/small-logos/logo-google.svg
 create mode 100644 public_html/kmanimalhealthcare.idealgroups.org/public/app/assets/img/small-logos/logo-invision.svg
 create mode 100644 public_html/kmanimalhealthcare.idealgroups.org/public/app/assets/img/small-logos/logo-jira.svg
 create mode 100644 public_html/kmanimalhealthcare.idealgroups.org/public/app/assets/img/small-logos/logo-slack.svg
 create mode 100644 public_html/kmanimalhealthcare.idealgroups.org/public/app/assets/img/small-logos/logo-spotify.svg
 create mode 100644 public_html/kmanimalhealthcare.idealgroups.org/public/app/assets/img/small-logos/logo-webdev.svg
 create mode 100644 public_html/kmanimalhealthcare.idealgroups.org/public/app/assets/img/small-logos/logo-xd.svg
 create mode 100644 public_html/kmanimalhealthcare.idealgroups.org/public/app/assets/img/team-1.jpg
 create mode 100644 public_html/kmanimalhealthcare.idealgroups.org/public/app/assets/img/team-2.jpg
 create mode 100644 public_html/kmanimalhealthcare.idealgroups.org/public/app/assets/img/team-3.jpg
 create mode 100644 public_html/kmanimalhealthcare.idealgroups.org/public/app/assets/img/team-4.jpg
 create mode 100644 public_html/kmanimalhealthcare.idealgroups.org/public/app/assets/img/team-5.jpg
 create mode 100644 public_html/kmanimalhealthcare.idealgroups.org/public/app/assets/img/team-6.jpg
 create mode 100644 public_html/kmanimalhealthcare.idealgroups.org/public/app/assets/img/theme/angular.jpg
 create mode 100644 public_html/kmanimalhealthcare.idealgroups.org/public/app/assets/img/theme/bootstrap.jpg
 create mode 100644 public_html/kmanimalhealthcare.idealgroups.org/public/app/assets/img/theme/dribbble.png
 create mode 100644 public_html/kmanimalhealthcare.idealgroups.org/public/app/assets/img/theme/dropbox.png
 create mode 100644 public_html/kmanimalhealthcare.idealgroups.org/public/app/assets/img/theme/mastercard.png
 create mode 100644 public_html/kmanimalhealthcare.idealgroups.org/public/app/assets/img/theme/paypal.png
 create mode 100644 public_html/kmanimalhealthcare.idealgroups.org/public/app/assets/img/theme/react.jpg
 create mode 100644 public_html/kmanimalhealthcare.idealgroups.org/public/app/assets/img/theme/sketch.jpg
 create mode 100644 public_html/kmanimalhealthcare.idealgroups.org/public/app/assets/img/theme/slack.png
 create mode 100644 public_html/kmanimalhealthcare.idealgroups.org/public/app/assets/img/theme/spotify.jpeg
 create mode 100644 public_html/kmanimalhealthcare.idealgroups.org/public/app/assets/img/theme/tim.png
 create mode 100644 public_html/kmanimalhealthcare.idealgroups.org/public/app/assets/img/theme/unass.jpg
 create mode 100644 public_html/kmanimalhealthcare.idealgroups.org/public/app/assets/img/theme/visa.png
 create mode 100644 public_html/kmanimalhealthcare.idealgroups.org/public/app/assets/img/theme/vue.jpg
 create mode 100644 public_html/kmanimalhealthcare.idealgroups.org/public/app/assets/img/thumbnail-free.jpg
 create mode 100644 public_html/kmanimalhealthcare.idealgroups.org/public/app/assets/js/core/bootstrap.bundle.min.js
 create mode 100644 public_html/kmanimalhealthcare.idealgroups.org/public/app/assets/js/core/bootstrap.min.js
 create mode 100644 public_html/kmanimalhealthcare.idealgroups.org/public/app/assets/js/core/popper.min.js
 create mode 100644 public_html/kmanimalhealthcare.idealgroups.org/public/app/assets/js/corporate-ui-dashboard.js
 create mode 100644 public_html/kmanimalhealthcare.idealgroups.org/public/app/assets/js/corporate-ui-dashboard.js.map
 create mode 100644 public_html/kmanimalhealthcare.idealgroups.org/public/app/assets/js/corporate-ui-dashboard.min.js
 create mode 100644 public_html/kmanimalhealthcare.idealgroups.org/public/app/assets/js/plugins/Chart.extension.js
 create mode 100644 public_html/kmanimalhealthcare.idealgroups.org/public/app/assets/js/plugins/bootstrap-notify.js
 create mode 100644 public_html/kmanimalhealthcare.idealgroups.org/public/app/assets/js/plugins/chartjs.min.js
 create mode 100644 public_html/kmanimalhealthcare.idealgroups.org/public/app/assets/js/plugins/perfect-scrollbar.min.js
 create mode 100644 public_html/kmanimalhealthcare.idealgroups.org/public/app/assets/js/plugins/smooth-scrollbar.min.js
 create mode 100644 public_html/kmanimalhealthcare.idealgroups.org/public/app/assets/js/plugins/swiper-bundle.min.js
 create mode 100644 public_html/kmanimalhealthcare.idealgroups.org/public/app/assets/scss/corporate-ui-dashboard.scss
 create mode 100644 public_html/kmanimalhealthcare.idealgroups.org/public/app/assets/scss/corporate-ui-dashboard/_alert.scss
 create mode 100644 public_html/kmanimalhealthcare.idealgroups.org/public/app/assets/scss/corporate-ui-dashboard/_avatars.scss
 create mode 100644 public_html/kmanimalhealthcare.idealgroups.org/public/app/assets/scss/corporate-ui-dashboard/_badge.scss
 create mode 100644 public_html/kmanimalhealthcare.idealgroups.org/public/app/assets/scss/corporate-ui-dashboard/_breadcrumbs.scss
 create mode 100644 public_html/kmanimalhealthcare.idealgroups.org/public/app/assets/scss/corporate-ui-dashboard/_button-group.scss
 create mode 100644 public_html/kmanimalhealthcare.idealgroups.org/public/app/assets/scss/corporate-ui-dashboard/_buttons.scss
 create mode 100644 public_html/kmanimalhealthcare.idealgroups.org/public/app/assets/scss/corporate-ui-dashboard/_cards.scss
 create mode 100644 public_html/kmanimalhealthcare.idealgroups.org/public/app/assets/scss/corporate-ui-dashboard/_dark-version.scss
 create mode 100644 public_html/kmanimalhealthcare.idealgroups.org/public/app/assets/scss/corporate-ui-dashboard/_dropdown.scss
 create mode 100644 public_html/kmanimalhealthcare.idealgroups.org/public/app/assets/scss/corporate-ui-dashboard/_dropup.scss
 create mode 100644 public_html/kmanimalhealthcare.idealgroups.org/public/app/assets/scss/corporate-ui-dashboard/_fixed-plugin.scss
 create mode 100644 public_html/kmanimalhealthcare.idealgroups.org/public/app/assets/scss/corporate-ui-dashboard/_footer.scss
 create mode 100644 public_html/kmanimalhealthcare.idealgroups.org/public/app/assets/scss/corporate-ui-dashboard/_forms.scss
 create mode 100644 public_html/kmanimalhealthcare.idealgroups.org/public/app/assets/scss/corporate-ui-dashboard/_gradients.scss
 create mode 100644 public_html/kmanimalhealthcare.idealgroups.org/public/app/assets/scss/corporate-ui-dashboard/_header.scss
 create mode 100644 public_html/kmanimalhealthcare.idealgroups.org/public/app/assets/scss/corporate-ui-dashboard/_info-areas.scss
 create mode 100644 public_html/kmanimalhealthcare.idealgroups.org/public/app/assets/scss/corporate-ui-dashboard/_misc.scss
 create mode 100644 public_html/kmanimalhealthcare.idealgroups.org/public/app/assets/scss/corporate-ui-dashboard/_nav.scss
 create mode 100644 public_html/kmanimalhealthcare.idealgroups.org/public/app/assets/scss/corporate-ui-dashboard/_navbar-vertical.scss
 create mode 100644 public_html/kmanimalhealthcare.idealgroups.org/public/app/assets/scss/corporate-ui-dashboard/_navbar.scss
 create mode 100644 public_html/kmanimalhealthcare.idealgroups.org/public/app/assets/scss/corporate-ui-dashboard/_pagination.scss
 create mode 100644 public_html/kmanimalhealthcare.idealgroups.org/public/app/assets/scss/corporate-ui-dashboard/_popovers.scss
 create mode 100644 public_html/kmanimalhealthcare.idealgroups.org/public/app/assets/scss/corporate-ui-dashboard/_progress.scss
 create mode 100644 public_html/kmanimalhealthcare.idealgroups.org/public/app/assets/scss/corporate-ui-dashboard/_rtl.scss
 create mode 100644 public_html/kmanimalhealthcare.idealgroups.org/public/app/assets/scss/corporate-ui-dashboard/_social-buttons.scss
 create mode 100644 public_html/kmanimalhealthcare.idealgroups.org/public/app/assets/scss/corporate-ui-dashboard/_tables.scss
 create mode 100644 public_html/kmanimalhealthcare.idealgroups.org/public/app/assets/scss/corporate-ui-dashboard/_tilt.scss
 create mode 100644 public_html/kmanimalhealthcare.idealgroups.org/public/app/assets/scss/corporate-ui-dashboard/_timeline.scss
 create mode 100644 public_html/kmanimalhealthcare.idealgroups.org/public/app/assets/scss/corporate-ui-dashboard/_tooltips.scss
 create mode 100644 public_html/kmanimalhealthcare.idealgroups.org/public/app/assets/scss/corporate-ui-dashboard/_typography.scss
 create mode 100644 public_html/kmanimalhealthcare.idealgroups.org/public/app/assets/scss/corporate-ui-dashboard/_utilities-extend.scss
 create mode 100644 public_html/kmanimalhealthcare.idealgroups.org/public/app/assets/scss/corporate-ui-dashboard/_utilities.scss
 create mode 100644 public_html/kmanimalhealthcare.idealgroups.org/public/app/assets/scss/corporate-ui-dashboard/_variables.scss
 create mode 100644 public_html/kmanimalhealthcare.idealgroups.org/public/app/assets/scss/corporate-ui-dashboard/bootstrap/_accordion.scss
 create mode 100644 public_html/kmanimalhealthcare.idealgroups.org/public/app/assets/scss/corporate-ui-dashboard/bootstrap/_alert.scss
 create mode 100644 public_html/kmanimalhealthcare.idealgroups.org/public/app/assets/scss/corporate-ui-dashboard/bootstrap/_badge.scss
 create mode 100644 public_html/kmanimalhealthcare.idealgroups.org/public/app/assets/scss/corporate-ui-dashboard/bootstrap/_breadcrumb.scss
 create mode 100644 public_html/kmanimalhealthcare.idealgroups.org/public/app/assets/scss/corporate-ui-dashboard/bootstrap/_button-group.scss
 create mode 100644 public_html/kmanimalhealthcare.idealgroups.org/public/app/assets/scss/corporate-ui-dashboard/bootstrap/_buttons.scss
 create mode 100644 public_html/kmanimalhealthcare.idealgroups.org/public/app/assets/scss/corporate-ui-dashboard/bootstrap/_card.scss
 create mode 100644 public_html/kmanimalhealthcare.idealgroups.org/public/app/assets/scss/corporate-ui-dashboard/bootstrap/_carousel.scss
 create mode 100644 public_html/kmanimalhealthcare.idealgroups.org/public/app/assets/scss/corporate-ui-dashboard/bootstrap/_close.scss
 create mode 100644 public_html/kmanimalhealthcare.idealgroups.org/public/app/assets/scss/corporate-ui-dashboard/bootstrap/_containers.scss
 create mode 100644 public_html/kmanimalhealthcare.idealgroups.org/public/app/assets/scss/corporate-ui-dashboard/bootstrap/_dropdown.scss
 create mode 100644 public_html/kmanimalhealthcare.idealgroups.org/public/app/assets/scss/corporate-ui-dashboard/bootstrap/_forms.scss
 create mode 100644 public_html/kmanimalhealthcare.idealgroups.org/public/app/assets/scss/corporate-ui-dashboard/bootstrap/_functions.scss
 create mode 100644 public_html/kmanimalhealthcare.idealgroups.org/public/app/assets/scss/corporate-ui-dashboard/bootstrap/_grid.scss
 create mode 100644 public_html/kmanimalhealthcare.idealgroups.org/public/app/assets/scss/corporate-ui-dashboard/bootstrap/_helpers.scss
 create mode 100644 public_html/kmanimalhealthcare.idealgroups.org/public/app/assets/scss/corporate-ui-dashboard/bootstrap/_images.scss
 create mode 100644 public_html/kmanimalhealthcare.idealgroups.org/public/app/assets/scss/corporate-ui-dashboard/bootstrap/_list-group.scss
 create mode 100644 public_html/kmanimalhealthcare.idealgroups.org/public/app/assets/scss/corporate-ui-dashboard/bootstrap/_maps.scss
 create mode 100644 public_html/kmanimalhealthcare.idealgroups.org/public/app/assets/scss/corporate-ui-dashboard/bootstrap/_mixins.scss
 create mode 100644 public_html/kmanimalhealthcare.idealgroups.org/public/app/assets/scss/corporate-ui-dashboard/bootstrap/_modal.scss
 create mode 100644 public_html/kmanimalhealthcare.idealgroups.org/public/app/assets/scss/corporate-ui-dashboard/bootstrap/_nav.scss
 create mode 100644 public_html/kmanimalhealthcare.idealgroups.org/public/app/assets/scss/corporate-ui-dashboard/bootstrap/_navbar.scss
 create mode 100644 public_html/kmanimalhealthcare.idealgroups.org/public/app/assets/scss/corporate-ui-dashboard/bootstrap/_offcanvas.scss
 create mode 100644 public_html/kmanimalhealthcare.idealgroups.org/public/app/assets/scss/corporate-ui-dashboard/bootstrap/_pagination.scss
 create mode 100644 public_html/kmanimalhealthcare.idealgroups.org/public/app/assets/scss/corporate-ui-dashboard/bootstrap/_placeholders.scss
 create mode 100644 public_html/kmanimalhealthcare.idealgroups.org/public/app/assets/scss/corporate-ui-dashboard/bootstrap/_popover.scss
 create mode 100644 public_html/kmanimalhealthcare.idealgroups.org/public/app/assets/scss/corporate-ui-dashboard/bootstrap/_progress.scss
 create mode 100644 public_html/kmanimalhealthcare.idealgroups.org/public/app/assets/scss/corporate-ui-dashboard/bootstrap/_reboot.scss
 create mode 100644 public_html/kmanimalhealthcare.idealgroups.org/public/app/assets/scss/corporate-ui-dashboard/bootstrap/_root.scss
 create mode 100644 public_html/kmanimalhealthcare.idealgroups.org/public/app/assets/scss/corporate-ui-dashboard/bootstrap/_spinners.scss
 create mode 100644 public_html/kmanimalhealthcare.idealgroups.org/public/app/assets/scss/corporate-ui-dashboard/bootstrap/_tables.scss
 create mode 100644 public_html/kmanimalhealthcare.idealgroups.org/public/app/assets/scss/corporate-ui-dashboard/bootstrap/_toasts.scss
 create mode 100644 public_html/kmanimalhealthcare.idealgroups.org/public/app/assets/scss/corporate-ui-dashboard/bootstrap/_tooltip.scss
 create mode 100644 public_html/kmanimalhealthcare.idealgroups.org/public/app/assets/scss/corporate-ui-dashboard/bootstrap/_transitions.scss
 create mode 100644 public_html/kmanimalhealthcare.idealgroups.org/public/app/assets/scss/corporate-ui-dashboard/bootstrap/_type.scss
 create mode 100644 public_html/kmanimalhealthcare.idealgroups.org/public/app/assets/scss/corporate-ui-dashboard/bootstrap/_utilities.scss
 create mode 100644 public_html/kmanimalhealthcare.idealgroups.org/public/app/assets/scss/corporate-ui-dashboard/bootstrap/_variables.scss
 create mode 100644 public_html/kmanimalhealthcare.idealgroups.org/public/app/assets/scss/corporate-ui-dashboard/bootstrap/bootstrap-grid.scss
 create mode 100644 public_html/kmanimalhealthcare.idealgroups.org/public/app/assets/scss/corporate-ui-dashboard/bootstrap/bootstrap-reboot.scss
 create mode 100644 public_html/kmanimalhealthcare.idealgroups.org/public/app/assets/scss/corporate-ui-dashboard/bootstrap/bootstrap-utilities.scss
 create mode 100644 public_html/kmanimalhealthcare.idealgroups.org/public/app/assets/scss/corporate-ui-dashboard/bootstrap/bootstrap.scss
 create mode 100644 public_html/kmanimalhealthcare.idealgroups.org/public/app/assets/scss/corporate-ui-dashboard/bootstrap/forms/_floating-labels.scss
 create mode 100644 public_html/kmanimalhealthcare.idealgroups.org/public/app/assets/scss/corporate-ui-dashboard/bootstrap/forms/_form-check.scss
 create mode 100644 public_html/kmanimalhealthcare.idealgroups.org/public/app/assets/scss/corporate-ui-dashboard/bootstrap/forms/_form-control.scss
 create mode 100644 public_html/kmanimalhealthcare.idealgroups.org/public/app/assets/scss/corporate-ui-dashboard/bootstrap/forms/_form-range.scss
 create mode 100644 public_html/kmanimalhealthcare.idealgroups.org/public/app/assets/scss/corporate-ui-dashboard/bootstrap/forms/_form-select.scss
 create mode 100644 public_html/kmanimalhealthcare.idealgroups.org/public/app/assets/scss/corporate-ui-dashboard/bootstrap/forms/_form-text.scss
 create mode 100644 public_html/kmanimalhealthcare.idealgroups.org/public/app/assets/scss/corporate-ui-dashboard/bootstrap/forms/_input-group.scss
 create mode 100644 public_html/kmanimalhealthcare.idealgroups.org/public/app/assets/scss/corporate-ui-dashboard/bootstrap/forms/_labels.scss
 create mode 100644 public_html/kmanimalhealthcare.idealgroups.org/public/app/assets/scss/corporate-ui-dashboard/bootstrap/forms/_validation.scss
 create mode 100644 public_html/kmanimalhealthcare.idealgroups.org/public/app/assets/scss/corporate-ui-dashboard/bootstrap/helpers/_clearfix.scss
 create mode 100644 public_html/kmanimalhealthcare.idealgroups.org/public/app/assets/scss/corporate-ui-dashboard/bootstrap/helpers/_color-bg.scss
 create mode 100644 public_html/kmanimalhealthcare.idealgroups.org/public/app/assets/scss/corporate-ui-dashboard/bootstrap/helpers/_colored-links.scss
 create mode 100644 public_html/kmanimalhealthcare.idealgroups.org/public/app/assets/scss/corporate-ui-dashboard/bootstrap/helpers/_position.scss
 create mode 100644 public_html/kmanimalhealthcare.idealgroups.org/public/app/assets/scss/corporate-ui-dashboard/bootstrap/helpers/_ratio.scss
 create mode 100644 public_html/kmanimalhealthcare.idealgroups.org/public/app/assets/scss/corporate-ui-dashboard/bootstrap/helpers/_stacks.scss
 create mode 100644 public_html/kmanimalhealthcare.idealgroups.org/public/app/assets/scss/corporate-ui-dashboard/bootstrap/helpers/_stretched-link.scss
 create mode 100644 public_html/kmanimalhealthcare.idealgroups.org/public/app/assets/scss/corporate-ui-dashboard/bootstrap/helpers/_text-truncation.scss
 create mode 100644 public_html/kmanimalhealthcare.idealgroups.org/public/app/assets/scss/corporate-ui-dashboard/bootstrap/helpers/_visually-hidden.scss
 create mode 100644 public_html/kmanimalhealthcare.idealgroups.org/public/app/assets/scss/corporate-ui-dashboard/bootstrap/helpers/_vr.scss
 create mode 100644 public_html/kmanimalhealthcare.idealgroups.org/public/app/assets/scss/corporate-ui-dashboard/bootstrap/mixins/_alert.scss
 create mode 100644 public_html/kmanimalhealthcare.idealgroups.org/public/app/assets/scss/corporate-ui-dashboard/bootstrap/mixins/_backdrop.scss
 create mode 100644 public_html/kmanimalhealthcare.idealgroups.org/public/app/assets/scss/corporate-ui-dashboard/bootstrap/mixins/_border-radius.scss
 create mode 100644 public_html/kmanimalhealthcare.idealgroups.org/public/app/assets/scss/corporate-ui-dashboard/bootstrap/mixins/_box-shadow.scss
 create mode 100644 public_html/kmanimalhealthcare.idealgroups.org/public/app/assets/scss/corporate-ui-dashboard/bootstrap/mixins/_breakpoints.scss
 create mode 100644 public_html/kmanimalhealthcare.idealgroups.org/public/app/assets/scss/corporate-ui-dashboard/bootstrap/mixins/_buttons.scss
 create mode 100644 public_html/kmanimalhealthcare.idealgroups.org/public/app/assets/scss/corporate-ui-dashboard/bootstrap/mixins/_caret.scss
 create mode 100644 public_html/kmanimalhealthcare.idealgroups.org/public/app/assets/scss/corporate-ui-dashboard/bootstrap/mixins/_clearfix.scss
 create mode 100644 public_html/kmanimalhealthcare.idealgroups.org/public/app/assets/scss/corporate-ui-dashboard/bootstrap/mixins/_color-scheme.scss
 create mode 100644 public_html/kmanimalhealthcare.idealgroups.org/public/app/assets/scss/corporate-ui-dashboard/bootstrap/mixins/_container.scss
 create mode 100644 public_html/kmanimalhealthcare.idealgroups.org/public/app/assets/scss/corporate-ui-dashboard/bootstrap/mixins/_deprecate.scss
 create mode 100644 public_html/kmanimalhealthcare.idealgroups.org/public/app/assets/scss/corporate-ui-dashboard/bootstrap/mixins/_forms.scss
 create mode 100644 public_html/kmanimalhealthcare.idealgroups.org/public/app/assets/scss/corporate-ui-dashboard/bootstrap/mixins/_gradients.scss
 create mode 100644 public_html/kmanimalhealthcare.idealgroups.org/public/app/assets/scss/corporate-ui-dashboard/bootstrap/mixins/_grid.scss
 create mode 100644 public_html/kmanimalhealthcare.idealgroups.org/public/app/assets/scss/corporate-ui-dashboard/bootstrap/mixins/_image.scss
 create mode 100644 public_html/kmanimalhealthcare.idealgroups.org/public/app/assets/scss/corporate-ui-dashboard/bootstrap/mixins/_list-group.scss
 create mode 100644 public_html/kmanimalhealthcare.idealgroups.org/public/app/assets/scss/corporate-ui-dashboard/bootstrap/mixins/_lists.scss
 create mode 100644 public_html/kmanimalhealthcare.idealgroups.org/public/app/assets/scss/corporate-ui-dashboard/bootstrap/mixins/_pagination.scss
 create mode 100644 public_html/kmanimalhealthcare.idealgroups.org/public/app/assets/scss/corporate-ui-dashboard/bootstrap/mixins/_reset-text.scss
 create mode 100644 public_html/kmanimalhealthcare.idealgroups.org/public/app/assets/scss/corporate-ui-dashboard/bootstrap/mixins/_resize.scss
 create mode 100644 public_html/kmanimalhealthcare.idealgroups.org/public/app/assets/scss/corporate-ui-dashboard/bootstrap/mixins/_table-variants.scss
 create mode 100644 public_html/kmanimalhealthcare.idealgroups.org/public/app/assets/scss/corporate-ui-dashboard/bootstrap/mixins/_text-truncate.scss
 create mode 100644 public_html/kmanimalhealthcare.idealgroups.org/public/app/assets/scss/corporate-ui-dashboard/bootstrap/mixins/_transition.scss
 create mode 100644 public_html/kmanimalhealthcare.idealgroups.org/public/app/assets/scss/corporate-ui-dashboard/bootstrap/mixins/_utilities.scss
 create mode 100644 public_html/kmanimalhealthcare.idealgroups.org/public/app/assets/scss/corporate-ui-dashboard/bootstrap/mixins/_visually-hidden.scss
 create mode 100644 public_html/kmanimalhealthcare.idealgroups.org/public/app/assets/scss/corporate-ui-dashboard/bootstrap/utilities/_api.scss
 create mode 100644 public_html/kmanimalhealthcare.idealgroups.org/public/app/assets/scss/corporate-ui-dashboard/cards/card-background.scss
 create mode 100644 public_html/kmanimalhealthcare.idealgroups.org/public/app/assets/scss/corporate-ui-dashboard/custom/_styles.scss
 create mode 100644 public_html/kmanimalhealthcare.idealgroups.org/public/app/assets/scss/corporate-ui-dashboard/custom/_variables.scss
 create mode 100644 public_html/kmanimalhealthcare.idealgroups.org/public/app/assets/scss/corporate-ui-dashboard/forms/_form-check.scss
 create mode 100644 public_html/kmanimalhealthcare.idealgroups.org/public/app/assets/scss/corporate-ui-dashboard/forms/_form-select.scss
 create mode 100644 public_html/kmanimalhealthcare.idealgroups.org/public/app/assets/scss/corporate-ui-dashboard/forms/_form-switch.scss
 create mode 100644 public_html/kmanimalhealthcare.idealgroups.org/public/app/assets/scss/corporate-ui-dashboard/forms/_forms.scss
 create mode 100644 public_html/kmanimalhealthcare.idealgroups.org/public/app/assets/scss/corporate-ui-dashboard/forms/_input-group.scss
 create mode 100644 public_html/kmanimalhealthcare.idealgroups.org/public/app/assets/scss/corporate-ui-dashboard/forms/_inputs.scss
 create mode 100644 public_html/kmanimalhealthcare.idealgroups.org/public/app/assets/scss/corporate-ui-dashboard/forms/_labels.scss
 create mode 100644 public_html/kmanimalhealthcare.idealgroups.org/public/app/assets/scss/corporate-ui-dashboard/mixins/_badge.scss
 create mode 100644 public_html/kmanimalhealthcare.idealgroups.org/public/app/assets/scss/corporate-ui-dashboard/mixins/_colored-shadows.scss
 create mode 100644 public_html/kmanimalhealthcare.idealgroups.org/public/app/assets/scss/corporate-ui-dashboard/mixins/_hover.scss
 create mode 100644 public_html/kmanimalhealthcare.idealgroups.org/public/app/assets/scss/corporate-ui-dashboard/mixins/_social-buttons.scss
 create mode 100644 public_html/kmanimalhealthcare.idealgroups.org/public/app/assets/scss/corporate-ui-dashboard/mixins/mixins.scss
 create mode 100644 public_html/kmanimalhealthcare.idealgroups.org/public/app/assets/scss/corporate-ui-dashboard/plugins/free/_flatpickr.scss
 create mode 100644 public_html/kmanimalhealthcare.idealgroups.org/public/app/assets/scss/corporate-ui-dashboard/plugins/free/_nouislider.scss
 create mode 100644 public_html/kmanimalhealthcare.idealgroups.org/public/app/assets/scss/corporate-ui-dashboard/plugins/free/_perfect-scrollbar.scss
 create mode 100644 public_html/kmanimalhealthcare.idealgroups.org/public/app/assets/scss/corporate-ui-dashboard/plugins/free/_prism.scss
 create mode 100644 public_html/kmanimalhealthcare.idealgroups.org/public/app/assets/scss/corporate-ui-dashboard/plugins/free/_swiper.scss
 create mode 100644 public_html/kmanimalhealthcare.idealgroups.org/public/app/assets/scss/corporate-ui-dashboard/plugins/free/plugins.scss
 create mode 100644 public_html/kmanimalhealthcare.idealgroups.org/public/app/assets/scss/corporate-ui-dashboard/theme.scss
 create mode 100644 public_html/kmanimalhealthcare.idealgroups.org/public/app/assets/scss/corporate-ui-dashboard/variables/_animations.scss
 create mode 100644 public_html/kmanimalhealthcare.idealgroups.org/public/app/assets/scss/corporate-ui-dashboard/variables/_avatars.scss
 create mode 100644 public_html/kmanimalhealthcare.idealgroups.org/public/app/assets/scss/corporate-ui-dashboard/variables/_badge.scss
 create mode 100644 public_html/kmanimalhealthcare.idealgroups.org/public/app/assets/scss/corporate-ui-dashboard/variables/_breadcrumb.scss
 create mode 100644 public_html/kmanimalhealthcare.idealgroups.org/public/app/assets/scss/corporate-ui-dashboard/variables/_cards-extend.scss
 create mode 100644 public_html/kmanimalhealthcare.idealgroups.org/public/app/assets/scss/corporate-ui-dashboard/variables/_cards.scss
 create mode 100644 public_html/kmanimalhealthcare.idealgroups.org/public/app/assets/scss/corporate-ui-dashboard/variables/_choices.scss
 create mode 100644 public_html/kmanimalhealthcare.idealgroups.org/public/app/assets/scss/corporate-ui-dashboard/variables/_dark-version.scss
 create mode 100644 public_html/kmanimalhealthcare.idealgroups.org/public/app/assets/scss/corporate-ui-dashboard/variables/_dropdowns.scss
 create mode 100644 public_html/kmanimalhealthcare.idealgroups.org/public/app/assets/scss/corporate-ui-dashboard/variables/_fixed-plugin.scss
 create mode 100644 public_html/kmanimalhealthcare.idealgroups.org/public/app/assets/scss/corporate-ui-dashboard/variables/_form-switch.scss
 create mode 100644 public_html/kmanimalhealthcare.idealgroups.org/public/app/assets/scss/corporate-ui-dashboard/variables/_full-calendar.scss
 create mode 100644 public_html/kmanimalhealthcare.idealgroups.org/public/app/assets/scss/corporate-ui-dashboard/variables/_header.scss
 create mode 100644 public_html/kmanimalhealthcare.idealgroups.org/public/app/assets/scss/corporate-ui-dashboard/variables/_info-areas.scss
 create mode 100644 public_html/kmanimalhealthcare.idealgroups.org/public/app/assets/scss/corporate-ui-dashboard/variables/_misc-extend.scss
 create mode 100644 public_html/kmanimalhealthcare.idealgroups.org/public/app/assets/scss/corporate-ui-dashboard/variables/_misc.scss
 create mode 100644 public_html/kmanimalhealthcare.idealgroups.org/public/app/assets/scss/corporate-ui-dashboard/variables/_navbar-vertical.scss
 create mode 100644 public_html/kmanimalhealthcare.idealgroups.org/public/app/assets/scss/corporate-ui-dashboard/variables/_navbar.scss
 create mode 100644 public_html/kmanimalhealthcare.idealgroups.org/public/app/assets/scss/corporate-ui-dashboard/variables/_pagination.scss
 create mode 100644 public_html/kmanimalhealthcare.idealgroups.org/public/app/assets/scss/corporate-ui-dashboard/variables/_rtl.scss
 create mode 100644 public_html/kmanimalhealthcare.idealgroups.org/public/app/assets/scss/corporate-ui-dashboard/variables/_social-buttons.scss
 create mode 100644 public_html/kmanimalhealthcare.idealgroups.org/public/app/assets/scss/corporate-ui-dashboard/variables/_table.scss
 create mode 100644 public_html/kmanimalhealthcare.idealgroups.org/public/app/assets/scss/corporate-ui-dashboard/variables/_timeline.scss
 create mode 100644 public_html/kmanimalhealthcare.idealgroups.org/public/app/assets/scss/corporate-ui-dashboard/variables/_utilities-extend.scss
 create mode 100644 public_html/kmanimalhealthcare.idealgroups.org/public/app/assets/scss/corporate-ui-dashboard/variables/_utilities.scss
 create mode 100644 public_html/kmanimalhealthcare.idealgroups.org/public/app/assets/scss/corporate-ui-dashboard/variables/_virtual-reality.scss
 create mode 100644 public_html/kmanimalhealthcare.idealgroups.org/public/assets/css/corporate-ui-dashboard.css
 create mode 100644 public_html/kmanimalhealthcare.idealgroups.org/public/assets/css/corporate-ui-dashboard.css.map
 create mode 100644 public_html/kmanimalhealthcare.idealgroups.org/public/assets/css/corporate-ui-dashboard.min.css
 create mode 100644 public_html/kmanimalhealthcare.idealgroups.org/public/assets/css/nucleo-icons.css
 create mode 100644 public_html/kmanimalhealthcare.idealgroups.org/public/assets/css/nucleo-svg.css
 create mode 100644 public_html/kmanimalhealthcare.idealgroups.org/public/assets/fonts/nucleo-icons.eot
 create mode 100644 public_html/kmanimalhealthcare.idealgroups.org/public/assets/fonts/nucleo-icons.svg
 create mode 100644 public_html/kmanimalhealthcare.idealgroups.org/public/assets/fonts/nucleo-icons.ttf
 create mode 100644 public_html/kmanimalhealthcare.idealgroups.org/public/assets/fonts/nucleo-icons.woff
 create mode 100644 public_html/kmanimalhealthcare.idealgroups.org/public/assets/fonts/nucleo-icons.woff2
 create mode 100644 public_html/kmanimalhealthcare.idealgroups.org/public/assets/fonts/nucleo.eot
 create mode 100644 public_html/kmanimalhealthcare.idealgroups.org/public/assets/fonts/nucleo.ttf
 create mode 100644 public_html/kmanimalhealthcare.idealgroups.org/public/assets/fonts/nucleo.woff
 create mode 100644 public_html/kmanimalhealthcare.idealgroups.org/public/assets/fonts/nucleo.woff2
 create mode 100644 public_html/kmanimalhealthcare.idealgroups.org/public/assets/img/3d-cube.png
 create mode 100644 public_html/kmanimalhealthcare.idealgroups.org/public/assets/img/apple-icon.png
 create mode 100644 public_html/kmanimalhealthcare.idealgroups.org/public/assets/img/bg1.jpg
 create mode 100644 public_html/kmanimalhealthcare.idealgroups.org/public/assets/img/bruce-mars.jpg
 create mode 100644 public_html/kmanimalhealthcare.idealgroups.org/public/assets/img/corporate-ui-logo.svg
 create mode 100644 public_html/kmanimalhealthcare.idealgroups.org/public/assets/img/curved-images/img-6.jpg
 create mode 100644 public_html/kmanimalhealthcare.idealgroups.org/public/assets/img/curved-images/img-7.jpg
 create mode 100644 public_html/kmanimalhealthcare.idealgroups.org/public/assets/img/default-avatar.png
 create mode 100644 public_html/kmanimalhealthcare.idealgroups.org/public/assets/img/down-arrow-dark.svg
 create mode 100644 public_html/kmanimalhealthcare.idealgroups.org/public/assets/img/down-arrow-white.svg
 create mode 100644 public_html/kmanimalhealthcare.idealgroups.org/public/assets/img/down-arrow.svg
 create mode 100644 public_html/kmanimalhealthcare.idealgroups.org/public/assets/img/favicon.png
 create mode 100644 public_html/kmanimalhealthcare.idealgroups.org/public/assets/img/header-blue-purple.jpg
 create mode 100644 public_html/kmanimalhealthcare.idealgroups.org/public/assets/img/header-orange-purple.jpg
 create mode 100644 public_html/kmanimalhealthcare.idealgroups.org/public/assets/img/image-sign-in.jpg
 create mode 100644 public_html/kmanimalhealthcare.idealgroups.org/public/assets/img/image-sign-up.jpg
 create mode 100644 public_html/kmanimalhealthcare.idealgroups.org/public/assets/img/img-1.jpg
 create mode 100644 public_html/kmanimalhealthcare.idealgroups.org/public/assets/img/img-2.jpg
 create mode 100644 public_html/kmanimalhealthcare.idealgroups.org/public/assets/img/img-3.jpg
 create mode 100644 public_html/kmanimalhealthcare.idealgroups.org/public/assets/img/img-4.jpg
 create mode 100644 public_html/kmanimalhealthcare.idealgroups.org/public/assets/img/img-5.jpg
 create mode 100644 public_html/kmanimalhealthcare.idealgroups.org/public/assets/img/img-8.jpg
 create mode 100644 public_html/kmanimalhealthcare.idealgroups.org/public/assets/img/img-9.jpg
 create mode 100644 public_html/kmanimalhealthcare.idealgroups.org/public/assets/img/logo-ct-dark.png
 create mode 100644 public_html/kmanimalhealthcare.idealgroups.org/public/assets/img/logo-ct.png
 create mode 100644 public_html/kmanimalhealthcare.idealgroups.org/public/assets/img/logos/facebook-logo.svg
 create mode 100644 public_html/kmanimalhealthcare.idealgroups.org/public/assets/img/logos/google-logo.svg
 create mode 100644 public_html/kmanimalhealthcare.idealgroups.org/public/assets/img/logos/mastercard-white.png
 create mode 100644 public_html/kmanimalhealthcare.idealgroups.org/public/assets/img/logos/mastercard.png
 create mode 100644 public_html/kmanimalhealthcare.idealgroups.org/public/assets/img/logos/visa-white.png
 create mode 100644 public_html/kmanimalhealthcare.idealgroups.org/public/assets/img/logos/visa.png
 create mode 100644 public_html/kmanimalhealthcare.idealgroups.org/public/assets/img/logos/wifi-white.png
 create mode 100644 public_html/kmanimalhealthcare.idealgroups.org/public/assets/img/marie.jpg
 create mode 100644 public_html/kmanimalhealthcare.idealgroups.org/public/assets/img/small-logos/icon-sun-cloud.png
 create mode 100644 public_html/kmanimalhealthcare.idealgroups.org/public/assets/img/small-logos/logo-atlassian.svg
 create mode 100644 public_html/kmanimalhealthcare.idealgroups.org/public/assets/img/small-logos/logo-google.svg
 create mode 100644 public_html/kmanimalhealthcare.idealgroups.org/public/assets/img/small-logos/logo-invision.svg
 create mode 100644 public_html/kmanimalhealthcare.idealgroups.org/public/assets/img/small-logos/logo-jira.svg
 create mode 100644 public_html/kmanimalhealthcare.idealgroups.org/public/assets/img/small-logos/logo-slack.svg
 create mode 100644 public_html/kmanimalhealthcare.idealgroups.org/public/assets/img/small-logos/logo-spotify.svg
 create mode 100644 public_html/kmanimalhealthcare.idealgroups.org/public/assets/img/small-logos/logo-webdev.svg
 create mode 100644 public_html/kmanimalhealthcare.idealgroups.org/public/assets/img/small-logos/logo-xd.svg
 create mode 100644 public_html/kmanimalhealthcare.idealgroups.org/public/assets/img/team-1.jpg
 create mode 100644 public_html/kmanimalhealthcare.idealgroups.org/public/assets/img/team-2.jpg
 create mode 100644 public_html/kmanimalhealthcare.idealgroups.org/public/assets/img/team-3.jpg
 create mode 100644 public_html/kmanimalhealthcare.idealgroups.org/public/assets/img/team-4.jpg
 create mode 100644 public_html/kmanimalhealthcare.idealgroups.org/public/assets/img/team-5.jpg
 create mode 100644 public_html/kmanimalhealthcare.idealgroups.org/public/assets/img/team-6.jpg
 create mode 100644 public_html/kmanimalhealthcare.idealgroups.org/public/assets/img/theme/angular.jpg
 create mode 100644 public_html/kmanimalhealthcare.idealgroups.org/public/assets/img/theme/bootstrap.jpg
 create mode 100644 public_html/kmanimalhealthcare.idealgroups.org/public/assets/img/theme/dribbble.png
 create mode 100644 public_html/kmanimalhealthcare.idealgroups.org/public/assets/img/theme/dropbox.png
 create mode 100644 public_html/kmanimalhealthcare.idealgroups.org/public/assets/img/theme/mastercard.png
 create mode 100644 public_html/kmanimalhealthcare.idealgroups.org/public/assets/img/theme/paypal.png
 create mode 100644 public_html/kmanimalhealthcare.idealgroups.org/public/assets/img/theme/react.jpg
 create mode 100644 public_html/kmanimalhealthcare.idealgroups.org/public/assets/img/theme/sketch.jpg
 create mode 100644 public_html/kmanimalhealthcare.idealgroups.org/public/assets/img/theme/slack.png
 create mode 100644 public_html/kmanimalhealthcare.idealgroups.org/public/assets/img/theme/spotify.jpeg
 create mode 100644 public_html/kmanimalhealthcare.idealgroups.org/public/assets/img/theme/tim.png
 create mode 100644 public_html/kmanimalhealthcare.idealgroups.org/public/assets/img/theme/unass.jpg
 create mode 100644 public_html/kmanimalhealthcare.idealgroups.org/public/assets/img/theme/visa.png
 create mode 100644 public_html/kmanimalhealthcare.idealgroups.org/public/assets/img/theme/vue.jpg
 create mode 100644 public_html/kmanimalhealthcare.idealgroups.org/public/assets/img/thumbnail-free.jpg
 create mode 100644 public_html/kmanimalhealthcare.idealgroups.org/public/assets/js/core/bootstrap.bundle.min.js
 create mode 100644 public_html/kmanimalhealthcare.idealgroups.org/public/assets/js/core/bootstrap.min.js
 create mode 100644 public_html/kmanimalhealthcare.idealgroups.org/public/assets/js/core/popper.min.js
 create mode 100644 public_html/kmanimalhealthcare.idealgroups.org/public/assets/js/corporate-ui-dashboard.js
 create mode 100644 public_html/kmanimalhealthcare.idealgroups.org/public/assets/js/corporate-ui-dashboard.js.map
 create mode 100644 public_html/kmanimalhealthcare.idealgroups.org/public/assets/js/corporate-ui-dashboard.min.js
 create mode 100644 public_html/kmanimalhealthcare.idealgroups.org/public/assets/js/plugins/Chart.extension.js
 create mode 100644 public_html/kmanimalhealthcare.idealgroups.org/public/assets/js/plugins/bootstrap-notify.js
 create mode 100644 public_html/kmanimalhealthcare.idealgroups.org/public/assets/js/plugins/chartjs.min.js
 create mode 100644 public_html/kmanimalhealthcare.idealgroups.org/public/assets/js/plugins/perfect-scrollbar.min.js
 create mode 100644 public_html/kmanimalhealthcare.idealgroups.org/public/assets/js/plugins/smooth-scrollbar.min.js
 create mode 100644 public_html/kmanimalhealthcare.idealgroups.org/public/assets/js/plugins/swiper-bundle.min.js
 create mode 100644 public_html/kmanimalhealthcare.idealgroups.org/public/assets/scss/corporate-ui-dashboard.scss
 create mode 100644 public_html/kmanimalhealthcare.idealgroups.org/public/assets/scss/corporate-ui-dashboard/_alert.scss
 create mode 100644 public_html/kmanimalhealthcare.idealgroups.org/public/assets/scss/corporate-ui-dashboard/_avatars.scss
 create mode 100644 public_html/kmanimalhealthcare.idealgroups.org/public/assets/scss/corporate-ui-dashboard/_badge.scss
 create mode 100644 public_html/kmanimalhealthcare.idealgroups.org/public/assets/scss/corporate-ui-dashboard/_breadcrumbs.scss
 create mode 100644 public_html/kmanimalhealthcare.idealgroups.org/public/assets/scss/corporate-ui-dashboard/_button-group.scss
 create mode 100644 public_html/kmanimalhealthcare.idealgroups.org/public/assets/scss/corporate-ui-dashboard/_buttons.scss
 create mode 100644 public_html/kmanimalhealthcare.idealgroups.org/public/assets/scss/corporate-ui-dashboard/_cards.scss
 create mode 100644 public_html/kmanimalhealthcare.idealgroups.org/public/assets/scss/corporate-ui-dashboard/_dark-version.scss
 create mode 100644 public_html/kmanimalhealthcare.idealgroups.org/public/assets/scss/corporate-ui-dashboard/_dropdown.scss
 create mode 100644 public_html/kmanimalhealthcare.idealgroups.org/public/assets/scss/corporate-ui-dashboard/_dropup.scss
 create mode 100644 public_html/kmanimalhealthcare.idealgroups.org/public/assets/scss/corporate-ui-dashboard/_fixed-plugin.scss
 create mode 100644 public_html/kmanimalhealthcare.idealgroups.org/public/assets/scss/corporate-ui-dashboard/_footer.scss
 create mode 100644 public_html/kmanimalhealthcare.idealgroups.org/public/assets/scss/corporate-ui-dashboard/_forms.scss
 create mode 100644 public_html/kmanimalhealthcare.idealgroups.org/public/assets/scss/corporate-ui-dashboard/_gradients.scss
 create mode 100644 public_html/kmanimalhealthcare.idealgroups.org/public/assets/scss/corporate-ui-dashboard/_header.scss
 create mode 100644 public_html/kmanimalhealthcare.idealgroups.org/public/assets/scss/corporate-ui-dashboard/_info-areas.scss
 create mode 100644 public_html/kmanimalhealthcare.idealgroups.org/public/assets/scss/corporate-ui-dashboard/_misc.scss
 create mode 100644 public_html/kmanimalhealthcare.idealgroups.org/public/assets/scss/corporate-ui-dashboard/_nav.scss
 create mode 100644 public_html/kmanimalhealthcare.idealgroups.org/public/assets/scss/corporate-ui-dashboard/_navbar-vertical.scss
 create mode 100644 public_html/kmanimalhealthcare.idealgroups.org/public/assets/scss/corporate-ui-dashboard/_navbar.scss
 create mode 100644 public_html/kmanimalhealthcare.idealgroups.org/public/assets/scss/corporate-ui-dashboard/_pagination.scss
 create mode 100644 public_html/kmanimalhealthcare.idealgroups.org/public/assets/scss/corporate-ui-dashboard/_popovers.scss
 create mode 100644 public_html/kmanimalhealthcare.idealgroups.org/public/assets/scss/corporate-ui-dashboard/_progress.scss
 create mode 100644 public_html/kmanimalhealthcare.idealgroups.org/public/assets/scss/corporate-ui-dashboard/_rtl.scss
 create mode 100644 public_html/kmanimalhealthcare.idealgroups.org/public/assets/scss/corporate-ui-dashboard/_social-buttons.scss
 create mode 100644 public_html/kmanimalhealthcare.idealgroups.org/public/assets/scss/corporate-ui-dashboard/_tables.scss
 create mode 100644 public_html/kmanimalhealthcare.idealgroups.org/public/assets/scss/corporate-ui-dashboard/_tilt.scss
 create mode 100644 public_html/kmanimalhealthcare.idealgroups.org/public/assets/scss/corporate-ui-dashboard/_timeline.scss
 create mode 100644 public_html/kmanimalhealthcare.idealgroups.org/public/assets/scss/corporate-ui-dashboard/_tooltips.scss
 create mode 100644 public_html/kmanimalhealthcare.idealgroups.org/public/assets/scss/corporate-ui-dashboard/_typography.scss
 create mode 100644 public_html/kmanimalhealthcare.idealgroups.org/public/assets/scss/corporate-ui-dashboard/_utilities-extend.scss
 create mode 100644 public_html/kmanimalhealthcare.idealgroups.org/public/assets/scss/corporate-ui-dashboard/_utilities.scss
 create mode 100644 public_html/kmanimalhealthcare.idealgroups.org/public/assets/scss/corporate-ui-dashboard/_variables.scss
 create mode 100644 public_html/kmanimalhealthcare.idealgroups.org/public/assets/scss/corporate-ui-dashboard/bootstrap/_accordion.scss
 create mode 100644 public_html/kmanimalhealthcare.idealgroups.org/public/assets/scss/corporate-ui-dashboard/bootstrap/_alert.scss
 create mode 100644 public_html/kmanimalhealthcare.idealgroups.org/public/assets/scss/corporate-ui-dashboard/bootstrap/_badge.scss
 create mode 100644 public_html/kmanimalhealthcare.idealgroups.org/public/assets/scss/corporate-ui-dashboard/bootstrap/_breadcrumb.scss
 create mode 100644 public_html/kmanimalhealthcare.idealgroups.org/public/assets/scss/corporate-ui-dashboard/bootstrap/_button-group.scss
 create mode 100644 public_html/kmanimalhealthcare.idealgroups.org/public/assets/scss/corporate-ui-dashboard/bootstrap/_buttons.scss
 create mode 100644 public_html/kmanimalhealthcare.idealgroups.org/public/assets/scss/corporate-ui-dashboard/bootstrap/_card.scss
 create mode 100644 public_html/kmanimalhealthcare.idealgroups.org/public/assets/scss/corporate-ui-dashboard/bootstrap/_carousel.scss
 create mode 100644 public_html/kmanimalhealthcare.idealgroups.org/public/assets/scss/corporate-ui-dashboard/bootstrap/_close.scss
 create mode 100644 public_html/kmanimalhealthcare.idealgroups.org/public/assets/scss/corporate-ui-dashboard/bootstrap/_containers.scss
 create mode 100644 public_html/kmanimalhealthcare.idealgroups.org/public/assets/scss/corporate-ui-dashboard/bootstrap/_dropdown.scss
 create mode 100644 public_html/kmanimalhealthcare.idealgroups.org/public/assets/scss/corporate-ui-dashboard/bootstrap/_forms.scss
 create mode 100644 public_html/kmanimalhealthcare.idealgroups.org/public/assets/scss/corporate-ui-dashboard/bootstrap/_functions.scss
 create mode 100644 public_html/kmanimalhealthcare.idealgroups.org/public/assets/scss/corporate-ui-dashboard/bootstrap/_grid.scss
 create mode 100644 public_html/kmanimalhealthcare.idealgroups.org/public/assets/scss/corporate-ui-dashboard/bootstrap/_helpers.scss
 create mode 100644 public_html/kmanimalhealthcare.idealgroups.org/public/assets/scss/corporate-ui-dashboard/bootstrap/_images.scss
 create mode 100644 public_html/kmanimalhealthcare.idealgroups.org/public/assets/scss/corporate-ui-dashboard/bootstrap/_list-group.scss
 create mode 100644 public_html/kmanimalhealthcare.idealgroups.org/public/assets/scss/corporate-ui-dashboard/bootstrap/_maps.scss
 create mode 100644 public_html/kmanimalhealthcare.idealgroups.org/public/assets/scss/corporate-ui-dashboard/bootstrap/_mixins.scss
 create mode 100644 public_html/kmanimalhealthcare.idealgroups.org/public/assets/scss/corporate-ui-dashboard/bootstrap/_modal.scss
 create mode 100644 public_html/kmanimalhealthcare.idealgroups.org/public/assets/scss/corporate-ui-dashboard/bootstrap/_nav.scss
 create mode 100644 public_html/kmanimalhealthcare.idealgroups.org/public/assets/scss/corporate-ui-dashboard/bootstrap/_navbar.scss
 create mode 100644 public_html/kmanimalhealthcare.idealgroups.org/public/assets/scss/corporate-ui-dashboard/bootstrap/_offcanvas.scss
 create mode 100644 public_html/kmanimalhealthcare.idealgroups.org/public/assets/scss/corporate-ui-dashboard/bootstrap/_pagination.scss
 create mode 100644 public_html/kmanimalhealthcare.idealgroups.org/public/assets/scss/corporate-ui-dashboard/bootstrap/_placeholders.scss
 create mode 100644 public_html/kmanimalhealthcare.idealgroups.org/public/assets/scss/corporate-ui-dashboard/bootstrap/_popover.scss
 create mode 100644 public_html/kmanimalhealthcare.idealgroups.org/public/assets/scss/corporate-ui-dashboard/bootstrap/_progress.scss
 create mode 100644 public_html/kmanimalhealthcare.idealgroups.org/public/assets/scss/corporate-ui-dashboard/bootstrap/_reboot.scss
 create mode 100644 public_html/kmanimalhealthcare.idealgroups.org/public/assets/scss/corporate-ui-dashboard/bootstrap/_root.scss
 create mode 100644 public_html/kmanimalhealthcare.idealgroups.org/public/assets/scss/corporate-ui-dashboard/bootstrap/_spinners.scss
 create mode 100644 public_html/kmanimalhealthcare.idealgroups.org/public/assets/scss/corporate-ui-dashboard/bootstrap/_tables.scss
 create mode 100644 public_html/kmanimalhealthcare.idealgroups.org/public/assets/scss/corporate-ui-dashboard/bootstrap/_toasts.scss
 create mode 100644 public_html/kmanimalhealthcare.idealgroups.org/public/assets/scss/corporate-ui-dashboard/bootstrap/_tooltip.scss
 create mode 100644 public_html/kmanimalhealthcare.idealgroups.org/public/assets/scss/corporate-ui-dashboard/bootstrap/_transitions.scss
 create mode 100644 public_html/kmanimalhealthcare.idealgroups.org/public/assets/scss/corporate-ui-dashboard/bootstrap/_type.scss
 create mode 100644 public_html/kmanimalhealthcare.idealgroups.org/public/assets/scss/corporate-ui-dashboard/bootstrap/_utilities.scss
 create mode 100644 public_html/kmanimalhealthcare.idealgroups.org/public/assets/scss/corporate-ui-dashboard/bootstrap/_variables.scss
 create mode 100644 public_html/kmanimalhealthcare.idealgroups.org/public/assets/scss/corporate-ui-dashboard/bootstrap/bootstrap-grid.scss
 create mode 100644 public_html/kmanimalhealthcare.idealgroups.org/public/assets/scss/corporate-ui-dashboard/bootstrap/bootstrap-reboot.scss
 create mode 100644 public_html/kmanimalhealthcare.idealgroups.org/public/assets/scss/corporate-ui-dashboard/bootstrap/bootstrap-utilities.scss
 create mode 100644 public_html/kmanimalhealthcare.idealgroups.org/public/assets/scss/corporate-ui-dashboard/bootstrap/bootstrap.scss
 create mode 100644 public_html/kmanimalhealthcare.idealgroups.org/public/assets/scss/corporate-ui-dashboard/bootstrap/forms/_floating-labels.scss
 create mode 100644 public_html/kmanimalhealthcare.idealgroups.org/public/assets/scss/corporate-ui-dashboard/bootstrap/forms/_form-check.scss
 create mode 100644 public_html/kmanimalhealthcare.idealgroups.org/public/assets/scss/corporate-ui-dashboard/bootstrap/forms/_form-control.scss
 create mode 100644 public_html/kmanimalhealthcare.idealgroups.org/public/assets/scss/corporate-ui-dashboard/bootstrap/forms/_form-range.scss
 create mode 100644 public_html/kmanimalhealthcare.idealgroups.org/public/assets/scss/corporate-ui-dashboard/bootstrap/forms/_form-select.scss
 create mode 100644 public_html/kmanimalhealthcare.idealgroups.org/public/assets/scss/corporate-ui-dashboard/bootstrap/forms/_form-text.scss
 create mode 100644 public_html/kmanimalhealthcare.idealgroups.org/public/assets/scss/corporate-ui-dashboard/bootstrap/forms/_input-group.scss
 create mode 100644 public_html/kmanimalhealthcare.idealgroups.org/public/assets/scss/corporate-ui-dashboard/bootstrap/forms/_labels.scss
 create mode 100644 public_html/kmanimalhealthcare.idealgroups.org/public/assets/scss/corporate-ui-dashboard/bootstrap/forms/_validation.scss
 create mode 100644 public_html/kmanimalhealthcare.idealgroups.org/public/assets/scss/corporate-ui-dashboard/bootstrap/helpers/_clearfix.scss
 create mode 100644 public_html/kmanimalhealthcare.idealgroups.org/public/assets/scss/corporate-ui-dashboard/bootstrap/helpers/_color-bg.scss
 create mode 100644 public_html/kmanimalhealthcare.idealgroups.org/public/assets/scss/corporate-ui-dashboard/bootstrap/helpers/_colored-links.scss
 create mode 100644 public_html/kmanimalhealthcare.idealgroups.org/public/assets/scss/corporate-ui-dashboard/bootstrap/helpers/_position.scss
 create mode 100644 public_html/kmanimalhealthcare.idealgroups.org/public/assets/scss/corporate-ui-dashboard/bootstrap/helpers/_ratio.scss
 create mode 100644 public_html/kmanimalhealthcare.idealgroups.org/public/assets/scss/corporate-ui-dashboard/bootstrap/helpers/_stacks.scss
 create mode 100644 public_html/kmanimalhealthcare.idealgroups.org/public/assets/scss/corporate-ui-dashboard/bootstrap/helpers/_stretched-link.scss
 create mode 100644 public_html/kmanimalhealthcare.idealgroups.org/public/assets/scss/corporate-ui-dashboard/bootstrap/helpers/_text-truncation.scss
 create mode 100644 public_html/kmanimalhealthcare.idealgroups.org/public/assets/scss/corporate-ui-dashboard/bootstrap/helpers/_visually-hidden.scss
 create mode 100644 public_html/kmanimalhealthcare.idealgroups.org/public/assets/scss/corporate-ui-dashboard/bootstrap/helpers/_vr.scss
 create mode 100644 public_html/kmanimalhealthcare.idealgroups.org/public/assets/scss/corporate-ui-dashboard/bootstrap/mixins/_alert.scss
 create mode 100644 public_html/kmanimalhealthcare.idealgroups.org/public/assets/scss/corporate-ui-dashboard/bootstrap/mixins/_backdrop.scss
 create mode 100644 public_html/kmanimalhealthcare.idealgroups.org/public/assets/scss/corporate-ui-dashboard/bootstrap/mixins/_border-radius.scss
 create mode 100644 public_html/kmanimalhealthcare.idealgroups.org/public/assets/scss/corporate-ui-dashboard/bootstrap/mixins/_box-shadow.scss
 create mode 100644 public_html/kmanimalhealthcare.idealgroups.org/public/assets/scss/corporate-ui-dashboard/bootstrap/mixins/_breakpoints.scss
 create mode 100644 public_html/kmanimalhealthcare.idealgroups.org/public/assets/scss/corporate-ui-dashboard/bootstrap/mixins/_buttons.scss
 create mode 100644 public_html/kmanimalhealthcare.idealgroups.org/public/assets/scss/corporate-ui-dashboard/bootstrap/mixins/_caret.scss
 create mode 100644 public_html/kmanimalhealthcare.idealgroups.org/public/assets/scss/corporate-ui-dashboard/bootstrap/mixins/_clearfix.scss
 create mode 100644 public_html/kmanimalhealthcare.idealgroups.org/public/assets/scss/corporate-ui-dashboard/bootstrap/mixins/_color-scheme.scss
 create mode 100644 public_html/kmanimalhealthcare.idealgroups.org/public/assets/scss/corporate-ui-dashboard/bootstrap/mixins/_container.scss
 create mode 100644 public_html/kmanimalhealthcare.idealgroups.org/public/assets/scss/corporate-ui-dashboard/bootstrap/mixins/_deprecate.scss
 create mode 100644 public_html/kmanimalhealthcare.idealgroups.org/public/assets/scss/corporate-ui-dashboard/bootstrap/mixins/_forms.scss
 create mode 100644 public_html/kmanimalhealthcare.idealgroups.org/public/assets/scss/corporate-ui-dashboard/bootstrap/mixins/_gradients.scss
 create mode 100644 public_html/kmanimalhealthcare.idealgroups.org/public/assets/scss/corporate-ui-dashboard/bootstrap/mixins/_grid.scss
 create mode 100644 public_html/kmanimalhealthcare.idealgroups.org/public/assets/scss/corporate-ui-dashboard/bootstrap/mixins/_image.scss
 create mode 100644 public_html/kmanimalhealthcare.idealgroups.org/public/assets/scss/corporate-ui-dashboard/bootstrap/mixins/_list-group.scss
 create mode 100644 public_html/kmanimalhealthcare.idealgroups.org/public/assets/scss/corporate-ui-dashboard/bootstrap/mixins/_lists.scss
 create mode 100644 public_html/kmanimalhealthcare.idealgroups.org/public/assets/scss/corporate-ui-dashboard/bootstrap/mixins/_pagination.scss
 create mode 100644 public_html/kmanimalhealthcare.idealgroups.org/public/assets/scss/corporate-ui-dashboard/bootstrap/mixins/_reset-text.scss
 create mode 100644 public_html/kmanimalhealthcare.idealgroups.org/public/assets/scss/corporate-ui-dashboard/bootstrap/mixins/_resize.scss
 create mode 100644 public_html/kmanimalhealthcare.idealgroups.org/public/assets/scss/corporate-ui-dashboard/bootstrap/mixins/_table-variants.scss
 create mode 100644 public_html/kmanimalhealthcare.idealgroups.org/public/assets/scss/corporate-ui-dashboard/bootstrap/mixins/_text-truncate.scss
 create mode 100644 public_html/kmanimalhealthcare.idealgroups.org/public/assets/scss/corporate-ui-dashboard/bootstrap/mixins/_transition.scss
 create mode 100644 public_html/kmanimalhealthcare.idealgroups.org/public/assets/scss/corporate-ui-dashboard/bootstrap/mixins/_utilities.scss
 create mode 100644 public_html/kmanimalhealthcare.idealgroups.org/public/assets/scss/corporate-ui-dashboard/bootstrap/mixins/_visually-hidden.scss
 create mode 100644 public_html/kmanimalhealthcare.idealgroups.org/public/assets/scss/corporate-ui-dashboard/bootstrap/utilities/_api.scss
 create mode 100644 public_html/kmanimalhealthcare.idealgroups.org/public/assets/scss/corporate-ui-dashboard/cards/card-background.scss
 create mode 100644 public_html/kmanimalhealthcare.idealgroups.org/public/assets/scss/corporate-ui-dashboard/custom/_styles.scss
 create mode 100644 public_html/kmanimalhealthcare.idealgroups.org/public/assets/scss/corporate-ui-dashboard/custom/_variables.scss
 create mode 100644 public_html/kmanimalhealthcare.idealgroups.org/public/assets/scss/corporate-ui-dashboard/forms/_form-check.scss
 create mode 100644 public_html/kmanimalhealthcare.idealgroups.org/public/assets/scss/corporate-ui-dashboard/forms/_form-select.scss
 create mode 100644 public_html/kmanimalhealthcare.idealgroups.org/public/assets/scss/corporate-ui-dashboard/forms/_form-switch.scss
 create mode 100644 public_html/kmanimalhealthcare.idealgroups.org/public/assets/scss/corporate-ui-dashboard/forms/_forms.scss
 create mode 100644 public_html/kmanimalhealthcare.idealgroups.org/public/assets/scss/corporate-ui-dashboard/forms/_input-group.scss
 create mode 100644 public_html/kmanimalhealthcare.idealgroups.org/public/assets/scss/corporate-ui-dashboard/forms/_inputs.scss
 create mode 100644 public_html/kmanimalhealthcare.idealgroups.org/public/assets/scss/corporate-ui-dashboard/forms/_labels.scss
 create mode 100644 public_html/kmanimalhealthcare.idealgroups.org/public/assets/scss/corporate-ui-dashboard/mixins/_badge.scss
 create mode 100644 public_html/kmanimalhealthcare.idealgroups.org/public/assets/scss/corporate-ui-dashboard/mixins/_colored-shadows.scss
 create mode 100644 public_html/kmanimalhealthcare.idealgroups.org/public/assets/scss/corporate-ui-dashboard/mixins/_hover.scss
 create mode 100644 public_html/kmanimalhealthcare.idealgroups.org/public/assets/scss/corporate-ui-dashboard/mixins/_social-buttons.scss
 create mode 100644 public_html/kmanimalhealthcare.idealgroups.org/public/assets/scss/corporate-ui-dashboard/mixins/mixins.scss
 create mode 100644 public_html/kmanimalhealthcare.idealgroups.org/public/assets/scss/corporate-ui-dashboard/plugins/free/_flatpickr.scss
 create mode 100644 public_html/kmanimalhealthcare.idealgroups.org/public/assets/scss/corporate-ui-dashboard/plugins/free/_nouislider.scss
 create mode 100644 public_html/kmanimalhealthcare.idealgroups.org/public/assets/scss/corporate-ui-dashboard/plugins/free/_perfect-scrollbar.scss
 create mode 100644 public_html/kmanimalhealthcare.idealgroups.org/public/assets/scss/corporate-ui-dashboard/plugins/free/_prism.scss
 create mode 100644 public_html/kmanimalhealthcare.idealgroups.org/public/assets/scss/corporate-ui-dashboard/plugins/free/_swiper.scss
 create mode 100644 public_html/kmanimalhealthcare.idealgroups.org/public/assets/scss/corporate-ui-dashboard/plugins/free/plugins.scss
 create mode 100644 public_html/kmanimalhealthcare.idealgroups.org/public/assets/scss/corporate-ui-dashboard/theme.scss
 create mode 100644 public_html/kmanimalhealthcare.idealgroups.org/public/assets/scss/corporate-ui-dashboard/variables/_animations.scss
 create mode 100644 public_html/kmanimalhealthcare.idealgroups.org/public/assets/scss/corporate-ui-dashboard/variables/_avatars.scss
 create mode 100644 public_html/kmanimalhealthcare.idealgroups.org/public/assets/scss/corporate-ui-dashboard/variables/_badge.scss
 create mode 100644 public_html/kmanimalhealthcare.idealgroups.org/public/assets/scss/corporate-ui-dashboard/variables/_breadcrumb.scss
 create mode 100644 public_html/kmanimalhealthcare.idealgroups.org/public/assets/scss/corporate-ui-dashboard/variables/_cards-extend.scss
 create mode 100644 public_html/kmanimalhealthcare.idealgroups.org/public/assets/scss/corporate-ui-dashboard/variables/_cards.scss
 create mode 100644 public_html/kmanimalhealthcare.idealgroups.org/public/assets/scss/corporate-ui-dashboard/variables/_choices.scss
 create mode 100644 public_html/kmanimalhealthcare.idealgroups.org/public/assets/scss/corporate-ui-dashboard/variables/_dark-version.scss
 create mode 100644 public_html/kmanimalhealthcare.idealgroups.org/public/assets/scss/corporate-ui-dashboard/variables/_dropdowns.scss
 create mode 100644 public_html/kmanimalhealthcare.idealgroups.org/public/assets/scss/corporate-ui-dashboard/variables/_fixed-plugin.scss
 create mode 100644 public_html/kmanimalhealthcare.idealgroups.org/public/assets/scss/corporate-ui-dashboard/variables/_form-switch.scss
 create mode 100644 public_html/kmanimalhealthcare.idealgroups.org/public/assets/scss/corporate-ui-dashboard/variables/_full-calendar.scss
 create mode 100644 public_html/kmanimalhealthcare.idealgroups.org/public/assets/scss/corporate-ui-dashboard/variables/_header.scss
 create mode 100644 public_html/kmanimalhealthcare.idealgroups.org/public/assets/scss/corporate-ui-dashboard/variables/_info-areas.scss
 create mode 100644 public_html/kmanimalhealthcare.idealgroups.org/public/assets/scss/corporate-ui-dashboard/variables/_misc-extend.scss
 create mode 100644 public_html/kmanimalhealthcare.idealgroups.org/public/assets/scss/corporate-ui-dashboard/variables/_misc.scss
 create mode 100644 public_html/kmanimalhealthcare.idealgroups.org/public/assets/scss/corporate-ui-dashboard/variables/_navbar-vertical.scss
 create mode 100644 public_html/kmanimalhealthcare.idealgroups.org/public/assets/scss/corporate-ui-dashboard/variables/_navbar.scss
 create mode 100644 public_html/kmanimalhealthcare.idealgroups.org/public/assets/scss/corporate-ui-dashboard/variables/_pagination.scss
 create mode 100644 public_html/kmanimalhealthcare.idealgroups.org/public/assets/scss/corporate-ui-dashboard/variables/_rtl.scss
 create mode 100644 public_html/kmanimalhealthcare.idealgroups.org/public/assets/scss/corporate-ui-dashboard/variables/_social-buttons.scss
 create mode 100644 public_html/kmanimalhealthcare.idealgroups.org/public/assets/scss/corporate-ui-dashboard/variables/_table.scss
 create mode 100644 public_html/kmanimalhealthcare.idealgroups.org/public/assets/scss/corporate-ui-dashboard/variables/_timeline.scss
 create mode 100644 public_html/kmanimalhealthcare.idealgroups.org/public/assets/scss/corporate-ui-dashboard/variables/_utilities-extend.scss
 create mode 100644 public_html/kmanimalhealthcare.idealgroups.org/public/assets/scss/corporate-ui-dashboard/variables/_utilities.scss
 create mode 100644 public_html/kmanimalhealthcare.idealgroups.org/public/assets/scss/corporate-ui-dashboard/variables/_virtual-reality.scss
 create mode 100644 public_html/kmanimalhealthcare.idealgroups.org/public/favicon.ico
 create mode 100644 public_html/kmanimalhealthcare.idealgroups.org/public/images/product_images/1713784896_1.jpg
 create mode 100644 public_html/kmanimalhealthcare.idealgroups.org/public/images/product_images/1713784896_2.jpg
 create mode 100644 public_html/kmanimalhealthcare.idealgroups.org/public/images/product_images/1713784896_3.jpg
 create mode 100644 public_html/kmanimalhealthcare.idealgroups.org/public/images/product_images/1713784972_1.jpg
 create mode 100644 public_html/kmanimalhealthcare.idealgroups.org/public/images/product_images/1713784972_2.jpg
 create mode 100644 public_html/kmanimalhealthcare.idealgroups.org/public/images/product_images/1713784972_3.jpg
 create mode 100644 public_html/kmanimalhealthcare.idealgroups.org/public/images/product_images/1713784988_1.jpg
 create mode 100644 public_html/kmanimalhealthcare.idealgroups.org/public/images/product_images/1713784988_2.jpg
 create mode 100644 public_html/kmanimalhealthcare.idealgroups.org/public/images/product_images/1713784988_3.jpg
 create mode 100644 public_html/kmanimalhealthcare.idealgroups.org/public/images/product_images/1713785013_1.jpg
 create mode 100644 public_html/kmanimalhealthcare.idealgroups.org/public/images/product_images/1713785013_2.jpg
 create mode 100644 public_html/kmanimalhealthcare.idealgroups.org/public/images/product_images/1713785013_3.jpg
 create mode 100644 public_html/kmanimalhealthcare.idealgroups.org/public/images/product_images/1713788787_1.jpg
 create mode 100644 public_html/kmanimalhealthcare.idealgroups.org/public/images/product_images/1713788787_2.jpg
 create mode 100644 public_html/kmanimalhealthcare.idealgroups.org/public/images/product_images/1713788787_3.jpg
 create mode 100644 public_html/kmanimalhealthcare.idealgroups.org/public/images/product_images/1713788827_1.jpg
 create mode 100644 public_html/kmanimalhealthcare.idealgroups.org/public/images/product_images/1713788827_3.jpg
 create mode 100644 public_html/kmanimalhealthcare.idealgroups.org/public/images/product_images/1713788985_1.jpg
 create mode 100644 public_html/kmanimalhealthcare.idealgroups.org/public/images/product_images/1713788985_2.jpg
 create mode 100644 public_html/kmanimalhealthcare.idealgroups.org/public/images/product_images/1713788985_3.jpg
 create mode 100644 public_html/kmanimalhealthcare.idealgroups.org/public/images/product_images/1713789031_1.jpg
 create mode 100644 public_html/kmanimalhealthcare.idealgroups.org/public/images/product_images/1713789031_2.jpg
 create mode 100644 public_html/kmanimalhealthcare.idealgroups.org/public/images/product_images/1713789031_3.jpg
 create mode 100644 public_html/kmanimalhealthcare.idealgroups.org/public/images/product_images/1713866389_2.jpg
 create mode 100644 public_html/kmanimalhealthcare.idealgroups.org/public/images/product_images/1713867094_2.jpg
 create mode 100644 public_html/kmanimalhealthcare.idealgroups.org/public/images/product_images/1713867288_1.jpg
 create mode 100644 public_html/kmanimalhealthcare.idealgroups.org/public/images/product_images/1713867433_2.jpg
 create mode 100644 public_html/kmanimalhealthcare.idealgroups.org/public/images/product_images/1713867992_2.jpg
 create mode 100644 public_html/kmanimalhealthcare.idealgroups.org/public/images/product_images/1713868022_2.jpg
 create mode 100644 public_html/kmanimalhealthcare.idealgroups.org/public/images/product_images/1713868946_1.jpg
 create mode 100644 public_html/kmanimalhealthcare.idealgroups.org/public/images/product_images/1713869019_1.jpg
 create mode 100644 public_html/kmanimalhealthcare.idealgroups.org/public/images/product_images/1713869186_1.jpg
 create mode 100644 public_html/kmanimalhealthcare.idealgroups.org/public/images/product_images/1713869204_1.jpg
 create mode 100644 public_html/kmanimalhealthcare.idealgroups.org/public/images/product_images/1713869232_1.jpg
 create mode 100644 public_html/kmanimalhealthcare.idealgroups.org/public/images/product_images/1713869269_1.jpg
 create mode 100644 public_html/kmanimalhealthcare.idealgroups.org/public/images/product_images/1713869300_1.jpg
 create mode 100644 public_html/kmanimalhealthcare.idealgroups.org/public/images/product_images/1713869367_1.jpg
 create mode 100644 public_html/kmanimalhealthcare.idealgroups.org/public/images/product_images/1713869400_1.jpg
 create mode 100644 public_html/kmanimalhealthcare.idealgroups.org/public/images/product_images/1713869432_1.jpg
 create mode 100644 public_html/kmanimalhealthcare.idealgroups.org/public/images/product_images/1713869493_1.jpg
 create mode 100644 public_html/kmanimalhealthcare.idealgroups.org/public/images/product_images/1713869540_1.jpg
 create mode 100644 public_html/kmanimalhealthcare.idealgroups.org/public/images/product_images/1713869586_1.jpg
 create mode 100644 public_html/kmanimalhealthcare.idealgroups.org/public/images/product_images/1713869635_1.jpg
 create mode 100644 public_html/kmanimalhealthcare.idealgroups.org/public/images/product_images/1713869646_1.jpg
 create mode 100644 public_html/kmanimalhealthcare.idealgroups.org/public/images/product_images/1713869790_1.jpg
 create mode 100644 public_html/kmanimalhealthcare.idealgroups.org/public/images/product_images/1713869846_1.jpg
 create mode 100644 public_html/kmanimalhealthcare.idealgroups.org/public/images/product_images/1713869891_1.jpg
 create mode 100644 public_html/kmanimalhealthcare.idealgroups.org/public/images/product_images/1713869909_1.jpg
 create mode 100644 public_html/kmanimalhealthcare.idealgroups.org/public/images/product_images/1713869998_1.jpg
 create mode 100644 public_html/kmanimalhealthcare.idealgroups.org/public/images/product_images/1713870844_1.jpg
 create mode 100644 public_html/kmanimalhealthcare.idealgroups.org/public/images/product_images/1713870962_1.jpg
 create mode 100644 public_html/kmanimalhealthcare.idealgroups.org/public/images/product_images/1713871160_1.jpg
 create mode 100644 public_html/kmanimalhealthcare.idealgroups.org/public/images/product_images/1713871160_2.jpg
 create mode 100644 public_html/kmanimalhealthcare.idealgroups.org/public/images/product_images/1713871160_3.jpg
 create mode 100644 public_html/kmanimalhealthcare.idealgroups.org/public/images/product_images/1713871234_1.jpg
 create mode 100644 public_html/kmanimalhealthcare.idealgroups.org/public/images/product_images/1713871234_2.jpg
 create mode 100644 public_html/kmanimalhealthcare.idealgroups.org/public/images/product_images/1713871234_3.jpg
 create mode 100644 public_html/kmanimalhealthcare.idealgroups.org/public/images/product_images/1713954047_stresso-lite.png
 create mode 100644 public_html/kmanimalhealthcare.idealgroups.org/public/images/product_images/1713954185_km-tonic.png
 create mode 100644 public_html/kmanimalhealthcare.idealgroups.org/public/images/product_images/1713954499_grosti.png
 create mode 100644 public_html/kmanimalhealthcare.idealgroups.org/public/images/product_images/1713954601_the-vit-premix-b.png
 create mode 100644 public_html/kmanimalhealthcare.idealgroups.org/public/images/product_images/1714039943_km-tonic.png
 create mode 100644 public_html/kmanimalhealthcare.idealgroups.org/public/images/product_images/1714039943_stresso-lite.png
 create mode 100644 public_html/kmanimalhealthcare.idealgroups.org/public/images/product_images/1714039943_the-vit-premix-b.png
 create mode 100644 public_html/kmanimalhealthcare.idealgroups.org/public/images/product_images/1714048504_km-tonic.png
 create mode 100644 public_html/kmanimalhealthcare.idealgroups.org/public/images/product_images/1714048504_stresso-lite.png
 create mode 100644 public_html/kmanimalhealthcare.idealgroups.org/public/images/product_images/1714048616_stresso-lite.png
 create mode 100644 public_html/kmanimalhealthcare.idealgroups.org/public/images/product_images/1714048616_the-vit-premix-b.png
 create mode 100644 public_html/kmanimalhealthcare.idealgroups.org/public/images/product_images/1714049704.png
 create mode 100644 public_html/kmanimalhealthcare.idealgroups.org/public/images/product_images/1714049716.png
 create mode 100644 public_html/kmanimalhealthcare.idealgroups.org/public/images/product_images/1714049716_km-tonic.png
 create mode 100644 public_html/kmanimalhealthcare.idealgroups.org/public/images/product_images/1714049716_stresso-lite.png
 create mode 100644 public_html/kmanimalhealthcare.idealgroups.org/public/images/product_images/1714050251.png
 create mode 100644 public_html/kmanimalhealthcare.idealgroups.org/public/images/product_images/1714050251_stresso-lite.png
 create mode 100644 public_html/kmanimalhealthcare.idealgroups.org/public/images/product_images/1714050251_the-vit-premix-b.png
 create mode 100644 public_html/kmanimalhealthcare.idealgroups.org/public/images/product_images/1714051859.png
 create mode 100644 public_html/kmanimalhealthcare.idealgroups.org/public/images/product_images/1714051859_stresso-lite.png
 create mode 100644 public_html/kmanimalhealthcare.idealgroups.org/public/images/product_images/1714051859_the-vit-premix-b.png
 create mode 100644 public_html/kmanimalhealthcare.idealgroups.org/public/images/product_images/1714052103.png
 create mode 100644 public_html/kmanimalhealthcare.idealgroups.org/public/images/product_images/1714052103_stresso-lite.png
 create mode 100644 public_html/kmanimalhealthcare.idealgroups.org/public/images/product_images/1714052103_the-vit-premix-b.png
 create mode 100644 public_html/kmanimalhealthcare.idealgroups.org/public/images/product_images/1714562237.png
 create mode 100644 public_html/kmanimalhealthcare.idealgroups.org/public/images/product_images/1714562237_km-tonic.png
 create mode 100644 public_html/kmanimalhealthcare.idealgroups.org/public/images/product_images/1714562237_stresso-lite.png
 create mode 100644 public_html/kmanimalhealthcare.idealgroups.org/public/images/product_images/1714562237_the-vit-premix-b.png
 create mode 100644 public_html/kmanimalhealthcare.idealgroups.org/public/images/product_images/1714562524.png
 create mode 100644 public_html/kmanimalhealthcare.idealgroups.org/public/images/product_images/1714562524_km-tonic.png
 create mode 100644 public_html/kmanimalhealthcare.idealgroups.org/public/images/product_images/1714562524_stresso-lite.png
 create mode 100644 public_html/kmanimalhealthcare.idealgroups.org/public/images/product_images/1714563918.png
 create mode 100644 public_html/kmanimalhealthcare.idealgroups.org/public/images/product_images/1714563918_stresso-lite.png
 create mode 100644 public_html/kmanimalhealthcare.idealgroups.org/public/images/product_images/1714564107.png
 create mode 100644 public_html/kmanimalhealthcare.idealgroups.org/public/images/product_images/1714564107_grosti.png
 create mode 100644 public_html/kmanimalhealthcare.idealgroups.org/public/images/product_images/1714564107_km-tonic.png
 create mode 100644 public_html/kmanimalhealthcare.idealgroups.org/public/images/product_images/1714564107_stresso-lite.png
 create mode 100644 public_html/kmanimalhealthcare.idealgroups.org/public/images/product_images/1714565730.png
 create mode 100644 public_html/kmanimalhealthcare.idealgroups.org/public/images/product_images/1714565730_stresso-lite.png
 create mode 100644 public_html/kmanimalhealthcare.idealgroups.org/public/images/product_images/1731501024.jpg
 create mode 100644 public_html/kmanimalhealthcare.idealgroups.org/public/images/product_images/1731501024_Biriyani Masala.jpg
 create mode 100644 public_html/kmanimalhealthcare.idealgroups.org/public/images/product_images/1731501512.jpg
 create mode 100644 public_html/kmanimalhealthcare.idealgroups.org/public/images/product_images/1731501512_Chiken Masala.jpg
 create mode 100644 public_html/kmanimalhealthcare.idealgroups.org/public/images/product_images/1731501581.jpg
 create mode 100644 public_html/kmanimalhealthcare.idealgroups.org/public/images/product_images/1731501581_Coriender Cumin Powder.jpg
 create mode 100644 public_html/kmanimalhealthcare.idealgroups.org/public/images/product_images/1731501668.jpg
 create mode 100644 public_html/kmanimalhealthcare.idealgroups.org/public/images/product_images/1731501668_Garam Masala.jpg
 create mode 100644 public_html/kmanimalhealthcare.idealgroups.org/public/images/product_images/1731501720.jpg
 create mode 100644 public_html/kmanimalhealthcare.idealgroups.org/public/images/product_images/1731501720_Kitchen King Masala.jpg
 create mode 100644 public_html/kmanimalhealthcare.idealgroups.org/public/images/product_images/1731501837.jpg
 create mode 100644 public_html/kmanimalhealthcare.idealgroups.org/public/images/product_images/1731501837_Kitchen King Masala.jpg
 create mode 100644 public_html/kmanimalhealthcare.idealgroups.org/public/images/product_images/1731501946.jpg
 create mode 100644 public_html/kmanimalhealthcare.idealgroups.org/public/images/product_images/1731501946_Kumthi Chili.jpg
 create mode 100644 public_html/kmanimalhealthcare.idealgroups.org/public/images/product_images/1731501999.jpg
 create mode 100644 public_html/kmanimalhealthcare.idealgroups.org/public/images/product_images/1731501999_Noodles Masala.jpg
 create mode 100644 public_html/kmanimalhealthcare.idealgroups.org/public/images/product_images/1731502045.jpg
 create mode 100644 public_html/kmanimalhealthcare.idealgroups.org/public/images/product_images/1731502045_Pasta.jpg
 create mode 100644 public_html/kmanimalhealthcare.idealgroups.org/public/images/product_images/1731502209.jpg
 create mode 100644 public_html/kmanimalhealthcare.idealgroups.org/public/images/product_images/1731502209_Patni Chili.jpg
 create mode 100644 public_html/kmanimalhealthcare.idealgroups.org/public/images/product_images/1731502338.jpg
 create mode 100644 public_html/kmanimalhealthcare.idealgroups.org/public/images/product_images/1731502338_Pav Bhaji.jpg
 create mode 100644 public_html/kmanimalhealthcare.idealgroups.org/public/images/product_images/1731505674.jpg
 create mode 100644 public_html/kmanimalhealthcare.idealgroups.org/public/images/product_images/1731505674_Punjabi Masala.jpg
 create mode 100644 public_html/kmanimalhealthcare.idealgroups.org/public/images/product_images/1731505741.jpg
 create mode 100644 public_html/kmanimalhealthcare.idealgroups.org/public/images/product_images/1731505741_Turmeric Powder.jpg
 create mode 100644 public_html/kmanimalhealthcare.idealgroups.org/public/images/product_varients/1713870962_1.jpg
 create mode 100644 public_html/kmanimalhealthcare.idealgroups.org/public/images/product_varients/1713870962_2.jpg
 create mode 100644 public_html/kmanimalhealthcare.idealgroups.org/public/images/product_varients/1713870962_3.jpg
 create mode 100644 public_html/kmanimalhealthcare.idealgroups.org/public/images/product_varients/1713871160_1.jpg
 create mode 100644 public_html/kmanimalhealthcare.idealgroups.org/public/images/product_varients/1713871234_1.jpg
 create mode 100644 public_html/kmanimalhealthcare.idealgroups.org/public/images/product_varients/1713871234_2.jpg
 create mode 100644 public_html/kmanimalhealthcare.idealgroups.org/public/images/product_varients/1713871234_3.jpg
 create mode 100644 public_html/kmanimalhealthcare.idealgroups.org/public/images/product_varients/1713877247_3.jpg
 create mode 100644 public_html/kmanimalhealthcare.idealgroups.org/public/images/product_varients/1713877520_2.jpg
 create mode 100644 public_html/kmanimalhealthcare.idealgroups.org/public/images/product_varients/1713877617_2.jpg
 create mode 100644 public_html/kmanimalhealthcare.idealgroups.org/public/images/product_varients/1713877674_2.jpg
 create mode 100644 public_html/kmanimalhealthcare.idealgroups.org/public/images/product_varients/1713877685_1.jpg
 create mode 100644 public_html/kmanimalhealthcare.idealgroups.org/public/images/product_varients/1713877849_3.jpg
 create mode 100644 public_html/kmanimalhealthcare.idealgroups.org/public/images/product_varients/1713878057_1.jpg
 create mode 100644 public_html/kmanimalhealthcare.idealgroups.org/public/images/product_varients/1713878067_1.jpg
 create mode 100644 public_html/kmanimalhealthcare.idealgroups.org/public/images/product_varients/1713878201_1.jpg
 create mode 100644 public_html/kmanimalhealthcare.idealgroups.org/public/images/product_varients/1713878216_3.jpg
 create mode 100644 public_html/kmanimalhealthcare.idealgroups.org/public/images/product_varients/1713943881_1.jpg
 create mode 100644 public_html/kmanimalhealthcare.idealgroups.org/public/images/product_varients/1713943936_1.jpg
 create mode 100644 public_html/kmanimalhealthcare.idealgroups.org/public/images/product_varients/1713944159_1.jpg
 create mode 100644 public_html/kmanimalhealthcare.idealgroups.org/public/images/product_varients/1713944218_1.jpg
 create mode 100644 public_html/kmanimalhealthcare.idealgroups.org/public/images/product_varients/1713945129_3.jpg
 create mode 100644 public_html/kmanimalhealthcare.idealgroups.org/public/images/product_varients/1713945204_1.jpg
 create mode 100644 public_html/kmanimalhealthcare.idealgroups.org/public/images/product_varients/1713945204_3.jpg
 create mode 100644 public_html/kmanimalhealthcare.idealgroups.org/public/images/product_varients/1713946500_2.jpg
 create mode 100644 public_html/kmanimalhealthcare.idealgroups.org/public/images/product_varients/1713946500_3.jpg
 create mode 100644 public_html/kmanimalhealthcare.idealgroups.org/public/images/product_varients/1713946516_2.jpg
 create mode 100644 public_html/kmanimalhealthcare.idealgroups.org/public/images/product_varients/1713946533_3.jpg
 create mode 100644 public_html/kmanimalhealthcare.idealgroups.org/public/images/product_varients/1713946550_1.jpg
 create mode 100644 public_html/kmanimalhealthcare.idealgroups.org/public/images/product_varients/1713946618_3.jpg
 create mode 100644 public_html/kmanimalhealthcare.idealgroups.org/public/images/product_varients/1713954047_stresso-lite.png
 create mode 100644 public_html/kmanimalhealthcare.idealgroups.org/public/images/product_varients/1713954185_stresso-lite.png
 create mode 100644 public_html/kmanimalhealthcare.idealgroups.org/public/images/product_varients/1713954499_grosti.png
 create mode 100644 public_html/kmanimalhealthcare.idealgroups.org/public/images/product_varients/1713954601_the-vit-premix-b.png
 create mode 100644 public_html/kmanimalhealthcare.idealgroups.org/public/images/product_varients/1714048504_km-tonic.png
 create mode 100644 public_html/kmanimalhealthcare.idealgroups.org/public/images/product_varients/1714048504_the-vit-premix-b.png
 create mode 100644 public_html/kmanimalhealthcare.idealgroups.org/public/images/product_varients/1714048616_km-tonic.png
 create mode 100644 public_html/kmanimalhealthcare.idealgroups.org/public/images/product_varients/1714048616_stresso-lite.png
 create mode 100644 public_html/kmanimalhealthcare.idealgroups.org/public/images/product_varients/1714049716_stresso-lite.png
 create mode 100644 public_html/kmanimalhealthcare.idealgroups.org/public/images/product_varients/1714049716_the-vit-premix-b.png
 create mode 100644 public_html/kmanimalhealthcare.idealgroups.org/public/images/product_varients/1714050251_km-tonic.png
 create mode 100644 public_html/kmanimalhealthcare.idealgroups.org/public/images/product_varients/1714050251_the-vit-premix-b.png
 create mode 100644 public_html/kmanimalhealthcare.idealgroups.org/public/images/product_varients/1714052103_stresso-lite.png
 create mode 100644 public_html/kmanimalhealthcare.idealgroups.org/public/images/product_varients/1714052103_the-vit-premix-b.png
 create mode 100644 public_html/kmanimalhealthcare.idealgroups.org/public/images/product_varients/1714563918_km-tonic.png
 create mode 100644 public_html/kmanimalhealthcare.idealgroups.org/public/images/product_varients/1714563918_stresso-lite.png
 create mode 100644 public_html/kmanimalhealthcare.idealgroups.org/public/images/product_varients/1714563918_the-vit-premix-b.png
 create mode 100644 public_html/kmanimalhealthcare.idealgroups.org/public/images/product_varients/1714564107_km-tonic.png
 create mode 100644 public_html/kmanimalhealthcare.idealgroups.org/public/images/product_varients/1714564107_the-vit-premix-b.png
 create mode 100644 public_html/kmanimalhealthcare.idealgroups.org/public/robots.txt
 create mode 100644 public_html/kmanimalhealthcare.idealgroups.org/public/siteassets/css/all.min.css
 create mode 100644 public_html/kmanimalhealthcare.idealgroups.org/public/siteassets/css/animate.css
 create mode 100644 public_html/kmanimalhealthcare.idealgroups.org/public/siteassets/css/bootstrap.min.css
 create mode 100644 public_html/kmanimalhealthcare.idealgroups.org/public/siteassets/css/cart.css
 create mode 100644 public_html/kmanimalhealthcare.idealgroups.org/public/siteassets/css/fonts/icofont.woff
 create mode 100644 public_html/kmanimalhealthcare.idealgroups.org/public/siteassets/css/fonts/icofont.woff2
 create mode 100644 public_html/kmanimalhealthcare.idealgroups.org/public/siteassets/css/icofont.min.css
 create mode 100644 public_html/kmanimalhealthcare.idealgroups.org/public/siteassets/css/lightcase.css
 create mode 100644 public_html/kmanimalhealthcare.idealgroups.org/public/siteassets/css/online_payment.css
 create mode 100644 public_html/kmanimalhealthcare.idealgroups.org/public/siteassets/css/product_details.css
 create mode 100644 public_html/kmanimalhealthcare.idealgroups.org/public/siteassets/css/product_page.css
 create mode 100644 public_html/kmanimalhealthcare.idealgroups.org/public/siteassets/css/style.css
 create mode 100644 public_html/kmanimalhealthcare.idealgroups.org/public/siteassets/css/swiper.min.css
 create mode 100644 public_html/kmanimalhealthcare.idealgroups.org/public/siteassets/fonts/lightcaseeead.eot
 create mode 100644 public_html/kmanimalhealthcare.idealgroups.org/public/siteassets/fonts/lightcaseeead.svg
 create mode 100644 public_html/kmanimalhealthcare.idealgroups.org/public/siteassets/fonts/lightcaseeead.ttf
 create mode 100644 public_html/kmanimalhealthcare.idealgroups.org/public/siteassets/fonts/lightcaseeead.woff
 create mode 100644 public_html/kmanimalhealthcare.idealgroups.org/public/siteassets/images/404.png
 create mode 100644 public_html/kmanimalhealthcare.idealgroups.org/public/siteassets/images/45770.jpg
 create mode 100644 public_html/kmanimalhealthcare.idealgroups.org/public/siteassets/images/KM-s-Nutonic-Km-Animal-Shop.jpg
 create mode 100644 public_html/kmanimalhealthcare.idealgroups.org/public/siteassets/images/about-km.jpg
 create mode 100644 public_html/kmanimalhealthcare.idealgroups.org/public/siteassets/images/about/01.png
 create mode 100644 public_html/kmanimalhealthcare.idealgroups.org/public/siteassets/images/about/02.png
 create mode 100644 public_html/kmanimalhealthcare.idealgroups.org/public/siteassets/images/about/05.jpg
 create mode 100644 public_html/kmanimalhealthcare.idealgroups.org/public/siteassets/images/about/06.jpg
 create mode 100644 public_html/kmanimalhealthcare.idealgroups.org/public/siteassets/images/about/07.jpg
 create mode 100644 public_html/kmanimalhealthcare.idealgroups.org/public/siteassets/images/about/history/01.jpg
 create mode 100644 public_html/kmanimalhealthcare.idealgroups.org/public/siteassets/images/about/history/achievement/01.png
 create mode 100644 public_html/kmanimalhealthcare.idealgroups.org/public/siteassets/images/about/history/achievement/02.png
 create mode 100644 public_html/kmanimalhealthcare.idealgroups.org/public/siteassets/images/about/history/achievement/03.png
 create mode 100644 public_html/kmanimalhealthcare.idealgroups.org/public/siteassets/images/about/history/achievement/04.png
 create mode 100644 public_html/kmanimalhealthcare.idealgroups.org/public/siteassets/images/about/icon/01.png
 create mode 100644 public_html/kmanimalhealthcare.idealgroups.org/public/siteassets/images/about/icon/02.png
 create mode 100644 public_html/kmanimalhealthcare.idealgroups.org/public/siteassets/images/about/icon/03.png
 create mode 100644 public_html/kmanimalhealthcare.idealgroups.org/public/siteassets/images/banner/bg-images/01.jpg
 create mode 100644 public_html/kmanimalhealthcare.idealgroups.org/public/siteassets/images/banner/bg-images/02.jpg
 create mode 100644 public_html/kmanimalhealthcare.idealgroups.org/public/siteassets/images/banner/bg-images/background.jpg
 create mode 100644 public_html/kmanimalhealthcare.idealgroups.org/public/siteassets/images/banner/bg-images/main_banner.jpg
 create mode 100644 public_html/kmanimalhealthcare.idealgroups.org/public/siteassets/images/banner/bg-images/product_1.png
 create mode 100644 public_html/kmanimalhealthcare.idealgroups.org/public/siteassets/images/banner/bg-images/product_2.png
 create mode 100644 public_html/kmanimalhealthcare.idealgroups.org/public/siteassets/images/banner/bg-images/product_3.png
 create mode 100644 public_html/kmanimalhealthcare.idealgroups.org/public/siteassets/images/banner/bg-images/product_4.png
 create mode 100644 public_html/kmanimalhealthcare.idealgroups.org/public/siteassets/images/banner/bg-images/product_5.png
 create mode 100644 public_html/kmanimalhealthcare.idealgroups.org/public/siteassets/images/bg-images/page-header.jpg
 create mode 100644 public_html/kmanimalhealthcare.idealgroups.org/public/siteassets/images/bg-images/video-bg.jpg
 create mode 100644 public_html/kmanimalhealthcare.idealgroups.org/public/siteassets/images/bg-images/yt-icon.png
 create mode 100644 public_html/kmanimalhealthcare.idealgroups.org/public/siteassets/images/blog/01.jpg
 create mode 100644 public_html/kmanimalhealthcare.idealgroups.org/public/siteassets/images/blog/01.png
 create mode 100644 public_html/kmanimalhealthcare.idealgroups.org/public/siteassets/images/blog/02.jpg
 create mode 100644 public_html/kmanimalhealthcare.idealgroups.org/public/siteassets/images/blog/02.png
 create mode 100644 public_html/kmanimalhealthcare.idealgroups.org/public/siteassets/images/blog/03.jpg
 create mode 100644 public_html/kmanimalhealthcare.idealgroups.org/public/siteassets/images/blog/03.png
 create mode 100644 public_html/kmanimalhealthcare.idealgroups.org/public/siteassets/images/blog/04.jpg
 create mode 100644 public_html/kmanimalhealthcare.idealgroups.org/public/siteassets/images/blog/05.jpg
 create mode 100644 public_html/kmanimalhealthcare.idealgroups.org/public/siteassets/images/blog/06.jpg
 create mode 100644 public_html/kmanimalhealthcare.idealgroups.org/public/siteassets/images/blog/author.png
 create mode 100644 public_html/kmanimalhealthcare.idealgroups.org/public/siteassets/images/blog/author2.png
 create mode 100644 public_html/kmanimalhealthcare.idealgroups.org/public/siteassets/images/cart.png
 create mode 100644 public_html/kmanimalhealthcare.idealgroups.org/public/siteassets/images/chicken-liver.jpg
 create mode 100644 public_html/kmanimalhealthcare.idealgroups.org/public/siteassets/images/del.png
 create mode 100644 public_html/kmanimalhealthcare.idealgroups.org/public/siteassets/images/favicon.png
 create mode 100644 public_html/kmanimalhealthcare.idealgroups.org/public/siteassets/images/feature/01.png
 create mode 100644 public_html/kmanimalhealthcare.idealgroups.org/public/siteassets/images/feature/02.png
 create mode 100644 public_html/kmanimalhealthcare.idealgroups.org/public/siteassets/images/feature/03.png
 create mode 100644 public_html/kmanimalhealthcare.idealgroups.org/public/siteassets/images/feature/04.png
 create mode 100644 public_html/kmanimalhealthcare.idealgroups.org/public/siteassets/images/feature/05.png
 create mode 100644 public_html/kmanimalhealthcare.idealgroups.org/public/siteassets/images/feature/06.png
 create mode 100644 public_html/kmanimalhealthcare.idealgroups.org/public/siteassets/images/feature/07.png
 create mode 100644 public_html/kmanimalhealthcare.idealgroups.org/public/siteassets/images/feature/08.png
 create mode 100644 public_html/kmanimalhealthcare.idealgroups.org/public/siteassets/images/gallery/01.jpg
 create mode 100644 public_html/kmanimalhealthcare.idealgroups.org/public/siteassets/images/gallery/02.jpg
 create mode 100644 public_html/kmanimalhealthcare.idealgroups.org/public/siteassets/images/gallery/03.jpg
 create mode 100644 public_html/kmanimalhealthcare.idealgroups.org/public/siteassets/images/gallery/04.jpg
 create mode 100644 public_html/kmanimalhealthcare.idealgroups.org/public/siteassets/images/gallery/05.jpg
 create mode 100644 public_html/kmanimalhealthcare.idealgroups.org/public/siteassets/images/gallery/06.jpg
 create mode 100644 public_html/kmanimalhealthcare.idealgroups.org/public/siteassets/images/gallery/07.jpg
 create mode 100644 public_html/kmanimalhealthcare.idealgroups.org/public/siteassets/images/gallery/08.jpg
 create mode 100644 public_html/kmanimalhealthcare.idealgroups.org/public/siteassets/images/gallery/mason/01.jpg
 create mode 100644 public_html/kmanimalhealthcare.idealgroups.org/public/siteassets/images/gallery/mason/02.jpg
 create mode 100644 public_html/kmanimalhealthcare.idealgroups.org/public/siteassets/images/gallery/mason/03.jpg
 create mode 100644 public_html/kmanimalhealthcare.idealgroups.org/public/siteassets/images/gallery/mason/04.jpg
 create mode 100644 public_html/kmanimalhealthcare.idealgroups.org/public/siteassets/images/gallery/mason/05.jpg
 create mode 100644 public_html/kmanimalhealthcare.idealgroups.org/public/siteassets/images/gallery/mason/06.jpg
 create mode 100644 public_html/kmanimalhealthcare.idealgroups.org/public/siteassets/images/gallery/mason/07.jpg
 create mode 100644 public_html/kmanimalhealthcare.idealgroups.org/public/siteassets/images/gallery/mason/08.jpg
 create mode 100644 public_html/kmanimalhealthcare.idealgroups.org/public/siteassets/images/gallery/mason/09.jpg
 create mode 100644 public_html/kmanimalhealthcare.idealgroups.org/public/siteassets/images/gallery/mason/10.jpg
 create mode 100644 public_html/kmanimalhealthcare.idealgroups.org/public/siteassets/images/gallery/mason/11.jpg
 create mode 100644 public_html/kmanimalhealthcare.idealgroups.org/public/siteassets/images/gallery/mason/12.jpg
 create mode 100644 public_html/kmanimalhealthcare.idealgroups.org/public/siteassets/images/header/01.png
 create mode 100644 public_html/kmanimalhealthcare.idealgroups.org/public/siteassets/images/header/02.png
 create mode 100644 public_html/kmanimalhealthcare.idealgroups.org/public/siteassets/images/header/03.png
 create mode 100644 public_html/kmanimalhealthcare.idealgroups.org/public/siteassets/images/hen-icon-old.png
 create mode 100644 public_html/kmanimalhealthcare.idealgroups.org/public/siteassets/images/hen-icon.png
 create mode 100644 public_html/kmanimalhealthcare.idealgroups.org/public/siteassets/images/klite-02.png
 create mode 100644 public_html/kmanimalhealthcare.idealgroups.org/public/siteassets/images/klite-03.png
 create mode 100644 public_html/kmanimalhealthcare.idealgroups.org/public/siteassets/images/km-healthcare-logo-white.png
 create mode 100644 public_html/kmanimalhealthcare.idealgroups.org/public/siteassets/images/km-healthcare-logo.png
 create mode 100644 public_html/kmanimalhealthcare.idealgroups.org/public/siteassets/images/logo/01.png
 create mode 100644 public_html/kmanimalhealthcare.idealgroups.org/public/siteassets/images/logo/02.png
 create mode 100644 public_html/kmanimalhealthcare.idealgroups.org/public/siteassets/images/product/01.html
 create mode 100644 public_html/kmanimalhealthcare.idealgroups.org/public/siteassets/images/product/01.jpg
 create mode 100644 public_html/kmanimalhealthcare.idealgroups.org/public/siteassets/images/product/02.jpg
 create mode 100644 public_html/kmanimalhealthcare.idealgroups.org/public/siteassets/images/product/03.jpg
 create mode 100644 public_html/kmanimalhealthcare.idealgroups.org/public/siteassets/images/product/04.jpg
 create mode 100644 public_html/kmanimalhealthcare.idealgroups.org/public/siteassets/images/product/05.jpg
 create mode 100644 public_html/kmanimalhealthcare.idealgroups.org/public/siteassets/images/product/06.jpg
 create mode 100644 public_html/kmanimalhealthcare.idealgroups.org/public/siteassets/images/product/icon-cart.svg
 create mode 100644 public_html/kmanimalhealthcare.idealgroups.org/public/siteassets/images/product/icon-close.svg
 create mode 100644 public_html/kmanimalhealthcare.idealgroups.org/public/siteassets/images/product/icon-delete.svg
 create mode 100644 public_html/kmanimalhealthcare.idealgroups.org/public/siteassets/images/product/icon-menu.svg
 create mode 100644 public_html/kmanimalhealthcare.idealgroups.org/public/siteassets/images/product/icon-minus.svg
 create mode 100644 public_html/kmanimalhealthcare.idealgroups.org/public/siteassets/images/product/icon-next.svg
 create mode 100644 public_html/kmanimalhealthcare.idealgroups.org/public/siteassets/images/product/icon-plus.svg
 create mode 100644 public_html/kmanimalhealthcare.idealgroups.org/public/siteassets/images/product/icon-previous.svg
 create mode 100644 public_html/kmanimalhealthcare.idealgroups.org/public/siteassets/images/product/single/top/01.png
 create mode 100644 public_html/kmanimalhealthcare.idealgroups.org/public/siteassets/images/products/grosti.png
 create mode 100644 public_html/kmanimalhealthcare.idealgroups.org/public/siteassets/images/products/km-tonic.png
 create mode 100644 public_html/kmanimalhealthcare.idealgroups.org/public/siteassets/images/products/product/01.png
 create mode 100644 public_html/kmanimalhealthcare.idealgroups.org/public/siteassets/images/products/product/02.png
 create mode 100644 public_html/kmanimalhealthcare.idealgroups.org/public/siteassets/images/products/product/03.png
 create mode 100644 public_html/kmanimalhealthcare.idealgroups.org/public/siteassets/images/products/product/04.png
 create mode 100644 public_html/kmanimalhealthcare.idealgroups.org/public/siteassets/images/products/product/05.png
 create mode 100644 public_html/kmanimalhealthcare.idealgroups.org/public/siteassets/images/products/product/06.png
 create mode 100644 public_html/kmanimalhealthcare.idealgroups.org/public/siteassets/images/products/stresso-lite.png
 create mode 100644 public_html/kmanimalhealthcare.idealgroups.org/public/siteassets/images/products/the-vit-premix-b.png
 create mode 100644 public_html/kmanimalhealthcare.idealgroups.org/public/siteassets/images/products/the-vit-premix-l.png
 create mode 100644 public_html/kmanimalhealthcare.idealgroups.org/public/siteassets/images/refresh_page.svg
 create mode 100644 public_html/kmanimalhealthcare.idealgroups.org/public/siteassets/images/service/01.png
 create mode 100644 public_html/kmanimalhealthcare.idealgroups.org/public/siteassets/images/service/02.png
 create mode 100644 public_html/kmanimalhealthcare.idealgroups.org/public/siteassets/images/service/03.png
 create mode 100644 public_html/kmanimalhealthcare.idealgroups.org/public/siteassets/images/service/04.png
 create mode 100644 public_html/kmanimalhealthcare.idealgroups.org/public/siteassets/images/service/05.png
 create mode 100644 public_html/kmanimalhealthcare.idealgroups.org/public/siteassets/images/service/06.png
 create mode 100644 public_html/kmanimalhealthcare.idealgroups.org/public/siteassets/images/shape-img/01.png
 create mode 100644 public_html/kmanimalhealthcare.idealgroups.org/public/siteassets/images/slider/slider01.jpg
 create mode 100644 public_html/kmanimalhealthcare.idealgroups.org/public/siteassets/images/slider/slider02.jpg
 create mode 100644 public_html/kmanimalhealthcare.idealgroups.org/public/siteassets/images/slider/slider03.jpg
 create mode 100644 public_html/kmanimalhealthcare.idealgroups.org/public/siteassets/images/sponsor/01.png
 create mode 100644 public_html/kmanimalhealthcare.idealgroups.org/public/siteassets/images/sponsor/02.png
 create mode 100644 public_html/kmanimalhealthcare.idealgroups.org/public/siteassets/images/sponsor/03.png
 create mode 100644 public_html/kmanimalhealthcare.idealgroups.org/public/siteassets/images/sponsor/04.png
 create mode 100644 public_html/kmanimalhealthcare.idealgroups.org/public/siteassets/images/sponsor/05.png
 create mode 100644 public_html/kmanimalhealthcare.idealgroups.org/public/siteassets/images/team/01.jpg
 create mode 100644 public_html/kmanimalhealthcare.idealgroups.org/public/siteassets/images/team/02.jpg
 create mode 100644 public_html/kmanimalhealthcare.idealgroups.org/public/siteassets/images/team/03.jpg
 create mode 100644 public_html/kmanimalhealthcare.idealgroups.org/public/siteassets/images/team/04.jpg
 create mode 100644 public_html/kmanimalhealthcare.idealgroups.org/public/siteassets/images/team/05.jpg
 create mode 100644 public_html/kmanimalhealthcare.idealgroups.org/public/siteassets/images/team/06.jpg
 create mode 100644 public_html/kmanimalhealthcare.idealgroups.org/public/siteassets/images/team/07.jpg
 create mode 100644 public_html/kmanimalhealthcare.idealgroups.org/public/siteassets/images/teamphoto.jpg
 create mode 100644 public_html/kmanimalhealthcare.idealgroups.org/public/siteassets/images/testimonial/01.jpg
 create mode 100644 public_html/kmanimalhealthcare.idealgroups.org/public/siteassets/images/testimonial/02.jpg
 create mode 100644 public_html/kmanimalhealthcare.idealgroups.org/public/siteassets/images/testimonial/03.jpg
 create mode 100644 public_html/kmanimalhealthcare.idealgroups.org/public/siteassets/images/testimonial/q1.png
 create mode 100644 public_html/kmanimalhealthcare.idealgroups.org/public/siteassets/images/testimonial/q2.png
 create mode 100644 public_html/kmanimalhealthcare.idealgroups.org/public/siteassets/images/x-icon/01.png
 create mode 100644 public_html/kmanimalhealthcare.idealgroups.org/public/siteassets/js/bootstrap.min.js
 create mode 100644 public_html/kmanimalhealthcare.idealgroups.org/public/siteassets/js/fontawesome.min.js
 create mode 100644 public_html/kmanimalhealthcare.idealgroups.org/public/siteassets/js/functions.js
 create mode 100644 public_html/kmanimalhealthcare.idealgroups.org/public/siteassets/js/isotope.pkgd.min.js
 create mode 100644 public_html/kmanimalhealthcare.idealgroups.org/public/siteassets/js/jquery.countdown.min.js
 create mode 100644 public_html/kmanimalhealthcare.idealgroups.org/public/siteassets/js/jquery.counterup.min.js
 create mode 100644 public_html/kmanimalhealthcare.idealgroups.org/public/siteassets/js/jquery.js
 create mode 100644 public_html/kmanimalhealthcare.idealgroups.org/public/siteassets/js/lightcase.js
 create mode 100644 public_html/kmanimalhealthcare.idealgroups.org/public/siteassets/js/script.js
 create mode 100644 public_html/kmanimalhealthcare.idealgroups.org/public/siteassets/js/swiper.min.js
 create mode 100644 public_html/kmanimalhealthcare.idealgroups.org/public/siteassets/js/waypoints.min.js
 create mode 100644 public_html/kmanimalhealthcare.idealgroups.org/public/siteassets/webfonts/fa-brands-400.eot
 create mode 100644 public_html/kmanimalhealthcare.idealgroups.org/public/siteassets/webfonts/fa-brands-400.svg
 create mode 100644 public_html/kmanimalhealthcare.idealgroups.org/public/siteassets/webfonts/fa-brands-400.ttf
 create mode 100644 public_html/kmanimalhealthcare.idealgroups.org/public/siteassets/webfonts/fa-brands-400.woff
 create mode 100644 public_html/kmanimalhealthcare.idealgroups.org/public/siteassets/webfonts/fa-brands-400.woff2
 create mode 100644 public_html/kmanimalhealthcare.idealgroups.org/public/siteassets/webfonts/fa-brands-400d41d.eot
 create mode 100644 public_html/kmanimalhealthcare.idealgroups.org/public/siteassets/webfonts/fa-regular-400.eot
 create mode 100644 public_html/kmanimalhealthcare.idealgroups.org/public/siteassets/webfonts/fa-regular-400.svg
 create mode 100644 public_html/kmanimalhealthcare.idealgroups.org/public/siteassets/webfonts/fa-regular-400.ttf
 create mode 100644 public_html/kmanimalhealthcare.idealgroups.org/public/siteassets/webfonts/fa-regular-400.woff
 create mode 100644 public_html/kmanimalhealthcare.idealgroups.org/public/siteassets/webfonts/fa-regular-400.woff2
 create mode 100644 public_html/kmanimalhealthcare.idealgroups.org/public/siteassets/webfonts/fa-regular-400d41d.eot
 create mode 100644 public_html/kmanimalhealthcare.idealgroups.org/public/siteassets/webfonts/fa-solid-900.eot
 create mode 100644 public_html/kmanimalhealthcare.idealgroups.org/public/siteassets/webfonts/fa-solid-900.svg
 create mode 100644 public_html/kmanimalhealthcare.idealgroups.org/public/siteassets/webfonts/fa-solid-900.ttf
 create mode 100644 public_html/kmanimalhealthcare.idealgroups.org/public/siteassets/webfonts/fa-solid-900.woff
 create mode 100644 public_html/kmanimalhealthcare.idealgroups.org/public/siteassets/webfonts/fa-solid-900.woff2
 create mode 100644 public_html/kmanimalhealthcare.idealgroups.org/public/siteassets/webfonts/fa-solid-900d41d.eot
 create mode 100644 public_html/kmanimalhealthcare.idealgroups.org/resources/css/app.css
 create mode 100644 public_html/kmanimalhealthcare.idealgroups.org/resources/css/up21.php
 create mode 100644 public_html/kmanimalhealthcare.idealgroups.org/resources/js/app.js
 create mode 100644 public_html/kmanimalhealthcare.idealgroups.org/resources/js/bootstrap.js
 create mode 100644 public_html/kmanimalhealthcare.idealgroups.org/resources/views/RTL.blade.php
 create mode 100644 public_html/kmanimalhealthcare.idealgroups.org/resources/views/about-us/list.blade.php
 create mode 100644 public_html/kmanimalhealthcare.idealgroups.org/resources/views/about-us/productAbout.blade.php
 create mode 100644 public_html/kmanimalhealthcare.idealgroups.org/resources/views/account-pages/profile.blade.php
 create mode 100644 public_html/kmanimalhealthcare.idealgroups.org/resources/views/account-pages/signin.blade.php
 create mode 100644 public_html/kmanimalhealthcare.idealgroups.org/resources/views/account-pages/signup.blade.php
 create mode 100644 public_html/kmanimalhealthcare.idealgroups.org/resources/views/auth/passrecover/forgot-password.blade.php
 create mode 100644 public_html/kmanimalhealthcare.idealgroups.org/resources/views/auth/passrecover/reset-password.blade.php
 create mode 100644 public_html/kmanimalhealthcare.idealgroups.org/resources/views/auth/signin.blade.php
 create mode 100644 public_html/kmanimalhealthcare.idealgroups.org/resources/views/auth/signin_old.blade.php
 create mode 100644 public_html/kmanimalhealthcare.idealgroups.org/resources/views/auth/signup.blade.php
 create mode 100644 public_html/kmanimalhealthcare.idealgroups.org/resources/views/category/category-create-edit.blade.php
 create mode 100644 public_html/kmanimalhealthcare.idealgroups.org/resources/views/category/create-edit.blade.php
 create mode 100644 public_html/kmanimalhealthcare.idealgroups.org/resources/views/category/list.blade.php
 create mode 100644 public_html/kmanimalhealthcare.idealgroups.org/resources/views/components/app/footer.blade.php
 create mode 100644 public_html/kmanimalhealthcare.idealgroups.org/resources/views/components/app/navbar.blade.php
 create mode 100644 public_html/kmanimalhealthcare.idealgroups.org/resources/views/components/app/sidebar.blade.php
 create mode 100644 public_html/kmanimalhealthcare.idealgroups.org/resources/views/components/guest/sidenav-guest.blade.php
 create mode 100644 public_html/kmanimalhealthcare.idealgroups.org/resources/views/components/sidenav-top.blade.php
 create mode 100644 public_html/kmanimalhealthcare.idealgroups.org/resources/views/components/sidenav-white.blade.php
 create mode 100644 public_html/kmanimalhealthcare.idealgroups.org/resources/views/contact-us/list.blade.php
 create mode 100644 public_html/kmanimalhealthcare.idealgroups.org/resources/views/coupon_code/coupon_code-create-edit.blade.php
 create mode 100644 public_html/kmanimalhealthcare.idealgroups.org/resources/views/coupon_code/coupon_lists.blade.php
 create mode 100644 public_html/kmanimalhealthcare.idealgroups.org/resources/views/dashboard.blade.php
 create mode 100644 public_html/kmanimalhealthcare.idealgroups.org/resources/views/email/forgetPassword.blade.php
 create mode 100644 public_html/kmanimalhealthcare.idealgroups.org/resources/views/layouts/app.blade.php
 create mode 100644 public_html/kmanimalhealthcare.idealgroups.org/resources/views/layouts/guest.blade copy.php
 create mode 100644 public_html/kmanimalhealthcare.idealgroups.org/resources/views/layouts/guest.blade.php
 create mode 100644 public_html/kmanimalhealthcare.idealgroups.org/resources/views/order/create-edit.blade.php
 create mode 100644 public_html/kmanimalhealthcare.idealgroups.org/resources/views/order/list.blade.php
 create mode 100644 public_html/kmanimalhealthcare.idealgroups.org/resources/views/product/add-to-cart.blade.php
 create mode 100644 public_html/kmanimalhealthcare.idealgroups.org/resources/views/product/checkout.blade.php
 create mode 100644 public_html/kmanimalhealthcare.idealgroups.org/resources/views/product/create-edit.blade.php
 create mode 100644 public_html/kmanimalhealthcare.idealgroups.org/resources/views/product/im-grosty.blade.php
 create mode 100644 public_html/kmanimalhealthcare.idealgroups.org/resources/views/product/km-nutonic.blade.php
 create mode 100644 public_html/kmanimalhealthcare.idealgroups.org/resources/views/product/list.blade.php
 create mode 100644 public_html/kmanimalhealthcare.idealgroups.org/resources/views/product/payment.blade.php
 create mode 100644 public_html/kmanimalhealthcare.idealgroups.org/resources/views/product/payment.blade_old.php
 create mode 100644 public_html/kmanimalhealthcare.idealgroups.org/resources/views/product/stresso-lite.blade.php
 create mode 100644 public_html/kmanimalhealthcare.idealgroups.org/resources/views/product/sub_category_html.blade.php
 create mode 100644 public_html/kmanimalhealthcare.idealgroups.org/resources/views/product/success.blade.php
 create mode 100644 public_html/kmanimalhealthcare.idealgroups.org/resources/views/product/varient_types_html.blade.php
 create mode 100644 public_html/kmanimalhealthcare.idealgroups.org/resources/views/product/vit-premix.blade.php
 create mode 100644 public_html/kmanimalhealthcare.idealgroups.org/resources/views/product/vit-premixl.blade.php
 create mode 100644 public_html/kmanimalhealthcare.idealgroups.org/resources/views/product_variants/create-edit.blade.php
 create mode 100644 public_html/kmanimalhealthcare.idealgroups.org/resources/views/product_variants/varient_list.blade.php
 create mode 100644 public_html/kmanimalhealthcare.idealgroups.org/resources/views/site/aboutUs.blade.php
 create mode 100644 public_html/kmanimalhealthcare.idealgroups.org/resources/views/site/index.blade.php
 create mode 100644 public_html/kmanimalhealthcare.idealgroups.org/resources/views/site/product.blade.php
 create mode 100644 public_html/kmanimalhealthcare.idealgroups.org/resources/views/site/product_bkp_24_04_2024.blade.php
 create mode 100644 public_html/kmanimalhealthcare.idealgroups.org/resources/views/site/product_details.blade.php
 create mode 100644 public_html/kmanimalhealthcare.idealgroups.org/resources/views/site/product_details.blade_old_bkp.php
 create mode 100644 public_html/kmanimalhealthcare.idealgroups.org/resources/views/tables.blade.php
 create mode 100644 public_html/kmanimalhealthcare.idealgroups.org/resources/views/user/front_user_orders.blade.php
 create mode 100644 public_html/kmanimalhealthcare.idealgroups.org/resources/views/user/front_user_profile.blade.php
 create mode 100644 public_html/kmanimalhealthcare.idealgroups.org/resources/views/user/front_user_registration.blade.php
 create mode 100644 public_html/kmanimalhealthcare.idealgroups.org/resources/views/user/user-create-edit.blade.php
 create mode 100644 public_html/kmanimalhealthcare.idealgroups.org/resources/views/user/user-profile.blade.php
 create mode 100644 public_html/kmanimalhealthcare.idealgroups.org/resources/views/user/users-management.blade.php
 create mode 100644 public_html/kmanimalhealthcare.idealgroups.org/resources/views/wallet.blade.php
 create mode 100644 public_html/kmanimalhealthcare.idealgroups.org/resources/views/welcome.blade.php
 create mode 100644 public_html/kmanimalhealthcare.idealgroups.org/robots.txt
 create mode 100644 public_html/kmanimalhealthcare.idealgroups.org/routes/api.php
 create mode 100644 public_html/kmanimalhealthcare.idealgroups.org/routes/channels.php
 create mode 100644 public_html/kmanimalhealthcare.idealgroups.org/routes/console.php
 create mode 100644 public_html/kmanimalhealthcare.idealgroups.org/routes/web.php
 create mode 100644 public_html/kmanimalhealthcare.idealgroups.org/screenshots/dashboard.png
 create mode 100644 public_html/kmanimalhealthcare.idealgroups.org/screenshots/forgot-password.png
 create mode 100644 public_html/kmanimalhealthcare.idealgroups.org/screenshots/login.png
 create mode 100644 public_html/kmanimalhealthcare.idealgroups.org/screenshots/profile-page.png
 create mode 100644 public_html/kmanimalhealthcare.idealgroups.org/screenshots/register.png
 create mode 100644 public_html/kmanimalhealthcare.idealgroups.org/screenshots/reset-password.png
 create mode 100644 public_html/kmanimalhealthcare.idealgroups.org/storage/app/.gitignore
 create mode 100644 public_html/kmanimalhealthcare.idealgroups.org/storage/app/public/.gitignore
 create mode 100644 public_html/kmanimalhealthcare.idealgroups.org/storage/framework/.gitignore
 create mode 100644 public_html/kmanimalhealthcare.idealgroups.org/storage/framework/cache/.gitignore
 create mode 100644 public_html/kmanimalhealthcare.idealgroups.org/storage/framework/cache/data/.gitignore
 create mode 100644 public_html/kmanimalhealthcare.idealgroups.org/storage/framework/sessions/.gitignore
 create mode 100644 public_html/kmanimalhealthcare.idealgroups.org/storage/framework/testing/.gitignore
 create mode 100644 public_html/kmanimalhealthcare.idealgroups.org/storage/framework/views/.gitignore
 create mode 100644 public_html/kmanimalhealthcare.idealgroups.org/structura.txt
 create mode 100644 public_html/kmanimalhealthcare.idealgroups.org/tests/CreatesApplication.php
 create mode 100644 public_html/kmanimalhealthcare.idealgroups.org/tests/Feature/ExampleTest.php
 create mode 100644 public_html/kmanimalhealthcare.idealgroups.org/tests/TestCase.php
 create mode 100644 public_html/kmanimalhealthcare.idealgroups.org/tests/Unit/ExampleTest.php
 create mode 100644 public_html/kmanimalhealthcare.idealgroups.org/vite.config.js
 create mode 100644 public_html/web/writable/session/ci_session02d99601798f15d152b1ced280beb40a14830dc9
 create mode 100644 public_html/web/writable/session/ci_session1777f2034d3f0a6d4c3c00484328c461c513109c
 create mode 100644 public_html/web/writable/session/ci_session1847242259a0240c5ab535f01930e0eb89f0cb70
 create mode 100644 public_html/web/writable/session/ci_session198cec17a49372cdecb460271e9aee19ff896762
 create mode 100644 public_html/web/writable/session/ci_session1c96edc4a7ece47432d43db972c9b0064115702e
 create mode 100644 public_html/web/writable/session/ci_session1f7ba24448ef112a9088419e679fac77cb9b551f
 create mode 100644 public_html/web/writable/session/ci_session3a7da69d0ca696f1c1a266e25dec820bc8fd447c
 create mode 100644 public_html/web/writable/session/ci_session3acede49e8cdfa39db7c00f062536e10e16ebee8
 create mode 100644 public_html/web/writable/session/ci_session3d77f781b7a4a3b997926ce374d15e884126ce32
 create mode 100644 public_html/web/writable/session/ci_session3eb7c4b58ccaf286a53e4a75d3d1b2918b06f34a
 create mode 100644 public_html/web/writable/session/ci_session4811de4be7b15bb1226fcfd6985784046d10d4e8
 create mode 100644 public_html/web/writable/session/ci_session4ed91a9a0fd8d4b81d807245a75b1a9e54fc72d3
 create mode 100644 public_html/web/writable/session/ci_session6ba8ebe817b78f6fa665c065a3093b1e525bffd8
 create mode 100644 public_html/web/writable/session/ci_session6d866208fdfd759626f7ec5cbd6c4763a38fb766
 create mode 100644 public_html/web/writable/session/ci_session7303091944abd3053454214418eb0abf486187f1
 create mode 100644 public_html/web/writable/session/ci_session7440f29326917d022834a2b0f5aaca2b89dec63b
 create mode 100644 public_html/web/writable/session/ci_session872d806b0fb8af9f33193a899b1617bee9eb4ad4
 create mode 100644 public_html/web/writable/session/ci_session9641c58a9b38b1fe2616c0fa948147d61a2d562e
 create mode 100644 public_html/web/writable/session/ci_session9efb545104913006b262da03dcdada7ab4f2a4a0
 create mode 100644 public_html/web/writable/session/ci_sessiona33f14bf267b053f9bf1a882d546c711ca84bae2
 create mode 100644 public_html/web/writable/session/ci_sessiona88956386c2a053e699dde6a4a2a9533bb8c5b6b
 create mode 100644 public_html/web/writable/session/ci_sessiona90558dad1fcfb411986fa2d2df9a396b88024d0
 create mode 100644 public_html/web/writable/session/ci_sessionb338e99574437f9f3c35683d6789156c38d7b3c8
 create mode 100644 public_html/web/writable/session/ci_sessionc3a678a16613877c132e55994ac85c0b6f0b0908
 create mode 100644 public_html/web/writable/session/ci_sessionc6516b84327425eaefdf0d4223ebf8dcdfeca14f
 create mode 100644 public_html/web/writable/session/ci_sessioncdf09cbba3a1f66ff4e1dbdb6c4c0a27c0be3ecd
 create mode 100644 public_html/web/writable/session/ci_sessiond5debf9ede6c2ff6038d8fffe716e99334ed9ecc
 create mode 100644 public_html/web/writable/session/ci_sessiondce82771e8b65e77cb413ca23f03aaee0b858229
 create mode 100644 public_html/web/writable/session/ci_sessione19b8b4154ddd5d9d905a975768e7dd8fd286039
 create mode 100644 public_html/web/writable/session/ci_sessionf20c2abd4dac55b0b92bfdecdcdb646dc3b29a0e
 create mode 100644 public_html/web/writable/session/ci_sessionf2c1c0d87c7418e47b182edbad346e7e8fed871d
 create mode 100644 public_html/web/writable/session/ci_sessionfbeaea1543404866a30b51f5724ef89b451c8d91
 create mode 100644 public_html/web/writable/session/ci_sessionfc7c6219c1cfce0ad43ed920e659184ff6c603de
 create mode 100644 public_html/web/writable/session/ci_sessionfe402de430ee52f73a63077f98a57796e20df8f1
 create mode 100644 public_html/web/writable/session/ci_sessionffbf05a78c08a3cc620ef76fec55cf0e6841f541
 rewrite tmp/webalizer/ctry_usage_202607.png (98%)
 rewrite tmp/webalizer/daily_usage_202607.png (97%)
 rewrite tmp/webalizer/digicard.idealgroups.org/daily_usage_202607.png (97%)
 rewrite tmp/webalizer/fizznfreeze.idealgroups.org/ctry_usage_202607.png (97%)
 rewrite tmp/webalizer/fizznfreeze.idealgroups.org/daily_usage_202607.png (97%)
 rewrite tmp/webalizer/fizznfreeze.idealgroups.org/hourly_usage_202607.png (96%)
 rewrite tmp/webalizer/fizznfreeze.idealgroups.org/usage.png (97%)
 rewrite tmp/webalizer/hourly_usage_202607.png (96%)
 rewrite tmp/webalizer/kmanimalhealthcare.idealgroups.org/daily_usage_202607.png (97%)
 rewrite tmp/webalizer/kmanimalhealthcare.idealgroups.org/hourly_usage_202607.png (96%)
 rewrite tmp/webalizer/kmanimalhealthcare.idealgroups.org/usage.png (97%)
 rewrite tmp/webalizer/ssl/digicard.idealgroups.org/ctry_usage_202607.png (98%)
 rewrite tmp/webalizer/ssl/digicard.idealgroups.org/daily_usage_202607.png (97%)
 rewrite tmp/webalizer/ssl/digicard.idealgroups.org/hourly_usage_202607.png (96%)
 rewrite tmp/webalizer/ssl/digicard.idealgroups.org/usage.png (97%)
 rewrite tmp/webalizer/ssl/fizznfreeze.idealgroups.org/ctry_usage_202607.png (98%)
 rewrite tmp/webalizer/ssl/fizznfreeze.idealgroups.org/daily_usage_202607.png (97%)
 rewrite tmp/webalizer/ssl/fizznfreeze.idealgroups.org/hourly_usage_202607.png (96%)
 rewrite tmp/webalizer/ssl/fizznfreeze.idealgroups.org/usage.png (97%)
 rewrite tmp/webalizer/ssl/idealgroups.org/ctry_usage_202607.png (98%)
 rewrite tmp/webalizer/ssl/idealgroups.org/daily_usage_202607.png (98%)
 rewrite tmp/webalizer/ssl/idealgroups.org/hourly_usage_202607.png (96%)
 rewrite tmp/webalizer/ssl/idealgroups.org/usage.png (97%)
 rewrite tmp/webalizer/ssl/kmanimalhealthcare.idealgroups.org/ctry_usage_202607.png (98%)
 rewrite tmp/webalizer/ssl/kmanimalhealthcare.idealgroups.org/daily_usage_202607.png (97%)
 rewrite tmp/webalizer/ssl/kmanimalhealthcare.idealgroups.org/usage.png (97%)
 rewrite tmp/webalizer/ssl/ugi.idealgroups.org/daily_usage_202607.png (97%)
 rewrite tmp/webalizer/ssl/ugi.idealgroups.org/hourly_usage_202607.png (95%)
 rewrite tmp/webalizer/ssl/ugi.idealgroups.org/usage.png (94%)
 rewrite tmp/webalizer/ssl/ugi.net.in.idealgroups.org/ctry_usage_202607.png (97%)
 rewrite tmp/webalizer/ssl/ugi.net.in.idealgroups.org/daily_usage_202607.png (97%)
 rewrite tmp/webalizer/ssl/ugi.net.in.idealgroups.org/hourly_usage_202607.png (96%)
 rewrite tmp/webalizer/ssl/web.idealgroups.org/daily_usage_202607.png (97%)
 rewrite tmp/webalizer/ssl/web.idealgroups.org/hourly_usage_202607.png (96%)
 rewrite tmp/webalizer/ssl/web.idealgroups.org/usage.png (80%)
 rewrite tmp/webalizer/ugi.idealgroups.org/daily_usage_202607.png (97%)
 rewrite tmp/webalizer/ugi.idealgroups.org/hourly_usage_202607.png (96%)
 rewrite tmp/webalizer/ugi.idealgroups.org/usage.png (97%)
 rewrite tmp/webalizer/ugi.net.in.idealgroups.org/ctry_usage_202607.png (96%)
 rewrite tmp/webalizer/ugi.net.in.idealgroups.org/daily_usage_202607.png (97%)
 rewrite tmp/webalizer/ugi.net.in.idealgroups.org/hourly_usage_202607.png (95%)
 rewrite tmp/webalizer/ugi.net.in.idealgroups.org/usage.png (97%)
 rewrite tmp/webalizer/usage.png (97%)
 rewrite tmp/webalizer/web.idealgroups.org/daily_usage_202607.png (97%)
 rewrite tmp/webalizer/web.idealgroups.org/hourly_usage_202607.png (95%)
 rewrite tmp/webalizer/web.idealgroups.org/usage.png (97%)
Pushing to GitHub...
remote: To https://github.com/rittz-in/ideal_groups_online.git
   dadaf4b..44182ad  main -> main
Backup completed: Tue Jul 28 02:00:36 IST 2026
==============================
==============================
Backup started: Wed Jul 29 02:00:03 IST 2026
warning: You ran 'git add' with neither '-A (--all)' or '--ignore-removal',
whose behaviour will change in Git 2.0 with respect to paths you removed.
Paths like 'ideal_db_backups/idealgro_web_2026-07-22_15-51-01.sql.gz' that are
removed from your working tree are ignored with this version of Git.

* 'git add --ignore-removal <pathspec>', which is the current default,
  ignores paths you removed from your working tree.

* 'git add --all <pathspec>' will let you also record the removals.

Run 'git status' to check the paths you removed from your working tree.

warning: CRLF will be replaced by LF in public_html/digicard/.htaccess.
The file will have its original line endings in your working directory.
Changes found. Creating commit...
[main 5ebd32d] Backup 2026-07-29 02:00
 172 files changed, 21307 insertions(+), 17142 deletions(-)
 rewrite .cpanel/email_accounts.json (100%)
 create mode 100644 mail/idealgroups.org/hr_head/new/1785231083.M943169P535095.rs200.webhostbox.net,S=51811,W=52978
 create mode 100644 public_html/web/writable/session/ci_session0ba35eb1101beec1435fbd67fc10eea1ff46e915
 create mode 100644 public_html/web/writable/session/ci_session2cc2df91cc3e7f59ce7877697e45827373520358
 create mode 100644 public_html/web/writable/session/ci_session2d2d3cf83edd315d73321c53999eeecdeaca9423
 create mode 100644 public_html/web/writable/session/ci_session2d59dad72a0af4b7c72a31ef53fffb562238df5a
 create mode 100644 public_html/web/writable/session/ci_session382ad49a9dc99481623b99901d75129740aa89df
 create mode 100644 public_html/web/writable/session/ci_session3b852e8de8fe31e45be24b32d9fb6b4a13655afb
 create mode 100644 public_html/web/writable/session/ci_session3db912cc104ac1138b2edf46cac3c46946a5cce8
 create mode 100644 public_html/web/writable/session/ci_session3f45c239ef177a62924823e614a969aae2e6f1c9
 create mode 100644 public_html/web/writable/session/ci_session3f8bbad8023c45b835c82a1d7f2024bca6178cd5
 create mode 100644 public_html/web/writable/session/ci_session40baa9cc0b2e40bde70adc1c426dfbd516fccc08
 create mode 100644 public_html/web/writable/session/ci_session43c68143ddbaa6154f3fa4d79ff2b9c43d8e4ce8
 create mode 100644 public_html/web/writable/session/ci_session5305cad110b24fa0cca6569a6219ee5c5c2b3045
 create mode 100644 public_html/web/writable/session/ci_session54ce4223232be888ef59d68c920c2b2be86f691e
 create mode 100644 public_html/web/writable/session/ci_session7cb789b9354558caa41741b46c29f12af5d4f52a
 create mode 100644 public_html/web/writable/session/ci_session8133f03965b66be562ab89582db8ee28150f4cb5
 create mode 100644 public_html/web/writable/session/ci_session82519ca2e7abea91a59240a55289107c43a9fd0c
 create mode 100644 public_html/web/writable/session/ci_session866d57834d527c874a581648cdc5d44b7872eaaf
 create mode 100644 public_html/web/writable/session/ci_session89850160d4ea28165ee051c0c772f846aafc6ec8
 create mode 100644 public_html/web/writable/session/ci_session8dc02d59f7331d76e30bcefec11bf5250ec5e5d2
 create mode 100644 public_html/web/writable/session/ci_session9fe5a8f96b6efde09b22399383ab6a7f9c7904cc
 create mode 100644 public_html/web/writable/session/ci_sessiona06624e41d32b3c5a5f6a55e6ead6fe3cbe02353
 create mode 100644 public_html/web/writable/session/ci_sessiona295f22512dc715a515120826a078d29aa4a7cad
 create mode 100644 public_html/web/writable/session/ci_sessiona3a1e7ca50831fa88798f4184a2b20936980e833
 create mode 100644 public_html/web/writable/session/ci_sessionafa4e0826d617aa4eb503d788cc6a4057bb9cbd8
 create mode 100644 public_html/web/writable/session/ci_sessionb790c7e150cae2105748f171a91bf3a11e52bdc7
 create mode 100644 public_html/web/writable/session/ci_sessionb7ddfcf2863a91017c882a252e2bf617d6f0f7f3
 create mode 100644 public_html/web/writable/session/ci_sessionc2cada8c236a6244e7157ab61811bea6d2ea9408
 create mode 100644 public_html/web/writable/session/ci_sessioncadf2ca977c3aa5e3201165df5966f1631c9c052
 create mode 100644 public_html/web/writable/session/ci_sessionda644c3402f823a7ff382a78872ea1120460ea52
 create mode 100644 public_html/web/writable/session/ci_sessione652ad67217bee0454db0859a6cb050a749653a4
 create mode 100644 public_html/web/writable/session/ci_sessione708a7ba04d5f293050913d772dea56908b10311
 create mode 100644 public_html/web/writable/session/ci_sessionf9777b831fbe50fdf48533dbfa234d2732d32927
 rewrite tmp/webalizer/ctry_usage_202607.png (98%)
 rewrite tmp/webalizer/daily_usage_202607.png (98%)
 rewrite tmp/webalizer/digicard.idealgroups.org/daily_usage_202607.png (97%)
 rewrite tmp/webalizer/fizznfreeze.idealgroups.org/ctry_usage_202607.png (97%)
 rewrite tmp/webalizer/fizznfreeze.idealgroups.org/daily_usage_202607.png (97%)
 rewrite tmp/webalizer/fizznfreeze.idealgroups.org/hourly_usage_202607.png (96%)
 rewrite tmp/webalizer/fizznfreeze.idealgroups.org/usage.png (97%)
 rewrite tmp/webalizer/hourly_usage_202607.png (96%)
 rewrite tmp/webalizer/kmanimalhealthcare.idealgroups.org/daily_usage_202607.png (88%)
 rewrite tmp/webalizer/kmanimalhealthcare.idealgroups.org/usage.png (97%)
 rewrite tmp/webalizer/ssl/digicard.idealgroups.org/daily_usage_202607.png (97%)
 rewrite tmp/webalizer/ssl/digicard.idealgroups.org/hourly_usage_202607.png (96%)
 rewrite tmp/webalizer/ssl/digicard.idealgroups.org/usage.png (97%)
 rewrite tmp/webalizer/ssl/fizznfreeze.idealgroups.org/ctry_usage_202607.png (98%)
 rewrite tmp/webalizer/ssl/fizznfreeze.idealgroups.org/daily_usage_202607.png (97%)
 rewrite tmp/webalizer/ssl/fizznfreeze.idealgroups.org/hourly_usage_202607.png (96%)
 rewrite tmp/webalizer/ssl/fizznfreeze.idealgroups.org/usage.png (65%)
 rewrite tmp/webalizer/ssl/idealgroups.org/ctry_usage_202607.png (98%)
 rewrite tmp/webalizer/ssl/idealgroups.org/daily_usage_202607.png (98%)
 rewrite tmp/webalizer/ssl/idealgroups.org/hourly_usage_202607.png (96%)
 rewrite tmp/webalizer/ssl/idealgroups.org/usage.png (97%)
 rewrite tmp/webalizer/ssl/kmanimalhealthcare.idealgroups.org/ctry_usage_202607.png (98%)
 rewrite tmp/webalizer/ssl/kmanimalhealthcare.idealgroups.org/daily_usage_202607.png (97%)
 rewrite tmp/webalizer/ssl/kmanimalhealthcare.idealgroups.org/hourly_usage_202607.png (96%)
 rewrite tmp/webalizer/ssl/kmanimalhealthcare.idealgroups.org/usage.png (97%)
 rewrite tmp/webalizer/ssl/ugi.idealgroups.org/daily_usage_202607.png (97%)
 rewrite tmp/webalizer/ssl/ugi.idealgroups.org/hourly_usage_202607.png (95%)
 rewrite tmp/webalizer/ssl/ugi.idealgroups.org/usage.png (94%)
 rewrite tmp/webalizer/ssl/ugi.net.in.idealgroups.org/daily_usage_202607.png (97%)
 rewrite tmp/webalizer/ssl/ugi.net.in.idealgroups.org/hourly_usage_202607.png (96%)
 rewrite tmp/webalizer/ssl/web.idealgroups.org/daily_usage_202607.png (97%)
 rewrite tmp/webalizer/ssl/web.idealgroups.org/hourly_usage_202607.png (96%)
 rewrite tmp/webalizer/ssl/web.idealgroups.org/usage.png (97%)
 rewrite tmp/webalizer/ugi.idealgroups.org/daily_usage_202607.png (97%)
 rewrite tmp/webalizer/ugi.idealgroups.org/hourly_usage_202607.png (96%)
 rewrite tmp/webalizer/ugi.idealgroups.org/usage.png (97%)
 rewrite tmp/webalizer/ugi.net.in.idealgroups.org/ctry_usage_202607.png (97%)
 rewrite tmp/webalizer/ugi.net.in.idealgroups.org/daily_usage_202607.png (97%)
 rewrite tmp/webalizer/ugi.net.in.idealgroups.org/hourly_usage_202607.png (96%)
 rewrite tmp/webalizer/usage.png (63%)
 rewrite tmp/webalizer/web.idealgroups.org/ctry_usage_202607.png (97%)
 rewrite tmp/webalizer/web.idealgroups.org/daily_usage_202607.png (97%)
 rewrite tmp/webalizer/web.idealgroups.org/hourly_usage_202607.png (95%)
 rewrite tmp/webalizer/web.idealgroups.org/usage.png (97%)
Pushing to GitHub...
remote: To https://github.com/rittz-in/ideal_groups_online.git
   44182ad..5ebd32d  main -> main
Backup completed: Wed Jul 29 02:00:18 IST 2026
==============================
==============================
Backup started: Thu Jul 30 02:00:04 IST 2026
